name,type,latitude,longitude
KERMAN_6_N001,Load Node,36.6921,-120.06
PINEFLT_2_B1,Generation Node,36.84,-119.32
PINEFLT_7_B1,Generation Node,36.83,-119.31
PINEFLT_7_B3,Generation Node,36.83,-119.31
PINEFLT_7_B4,Generation Node,36.83,-119.31
HAAS_7_B1,Generation Node,36.95,-119
HAAS_7_B11,Generation Node,36.95,-119
BALCH_2_B1,Generation Node,36.92,-119.13
HAAS_2_B1,Generation Node,36.94,-119.01
BALCH3TP_2_B1,Generation Node,36.92,-119.12
GIFFEN_6_N001,Load Node,36.5451,-120.33
BLCH38751_7_B1,Generation Node,36.93,-119.12
BLCH38750_7_B1,Generation Node,36.92,-119.13
SANJOQN_6_N001,Load Node,36.621,-120.18
SANJOQN_6_N006,Load Node,36.621,-120.18
STROUD_6_N001,Load Node,36.5309,-120.1
CAMDEN_6_N001,Load Node,36.4463,-119.8
CAMDEN_6_N002,Load Node,36.4463,-119.8
WSTFRSO_1_N001,Load Node,36.7184,-119.82
WSTFRSO_1_N004,Load Node,36.7184,-119.82
STONCRRL_6_N001,Load Node,36.4723,-119.19
STONCRRL_6_N003,Load Node,36.4723,-119.19
MCCALL_1_N026,Load Node,36.6114,-119.64
MCCALL_1_N030,Load Node,36.6114,-119.64
MCCALL_1_N093,Generation Node,36.6114,-119.64
DUNLAP_6_N001,Load Node,36.645,-119.16
DINUBA_6_N001,Load Node,36.52,-119.39
DINUBA_6_N005,Load Node,36.52,-119.39
ANGIOLA_6_N001,Load Node,35.992,-119.57
OROSI_6_N001,Load Node,36.5448,-119.25
OROSI_6_N006,Load Node,36.5448,-119.25
SANDCRK_6_N001,Load Node,36.645,-119.16
WAHTOKE_1_N001,Load Node,36.6162,-119.45
WAHTOKE_1_N002,Load Node,36.6162,-119.45
TVYVLLY_6_N001,Load Node,36.7706,-119.39
GRDNWEST_1_N001,Load Node,36.59,-119.57
GRDNEAST_1_N101,Load Node,36.48,-119.61
GRDNEAST_1_N102,Load Node,36.48,-119.61
DINUBAE_7_B2,Generation Node,36.52,-119.39
DINUBAE_7_N001,Load Node,36.52,-119.39
AIRPROD_1_N001,Load Node,36.65,-119.54
ULTPWRJ_1_N001,Generation Node,36.66,-119.63
REEDLEY_6_N001,Load Node,36.6051,-119.38
RANCHRS_1_N001,Load Node,36.7008,-119.75
REEDLEY_1_N001,Load Node,36.6051,-119.38
SCWAX_1_N001,Load Node,36.7008,-119.75
BOSWELL_6_N001,Load Node,36.0851,-119.55
MALAGA_1_B1,Generation Node,36.69,-119.58
MALAGA_1_N001,Load Node,36.6941,-119.72
MALAGA_1_N004,Load Node,36.6941,-119.72
MALAGA_1_N005,Load Node,36.6941,-119.72
MALAGA_1_N206,Load Node,36.6941,-119.72
CORCORAN_1_N001,Load Node,36.1096,-119.56
CORCORAN_1_N005,Load Node,36.1096,-119.56
HARDWICK_6_N001,Load Node,36.4043,-119.69
CALAVE_1_N001,Load Node,36.7189,-119.77
CALAVE_1_N002,Load Node,36.7189,-119.77
CALAVE_1_N004,Load Node,36.7189,-119.77
DANISHCM_1_N001,Load Node,36.7189,-119.77
KINGSBRG_1_N001,Load Node,36.5,-119.59
KINGSBRG_1_N008,Load Node,36.5,-119.59
SANGERCO_7_B1,Generation Node,36.7071,-119.61
RAINBOW_1_N001,Load Node,36.71,-119.54
SANGER_1_N001,Load Node,36.7071,-119.61
KINGSRIV_7_B1,Generation Node,36.87,-119.13
CLOVIS_1_N001,Load Node,36.826,-119.68
CLOVIS_1_N101,Load Node,36.826,-119.68
CLOVIS_1_N004,Load Node,36.826,-119.68
LASPALMS_1_N001,Load Node,36.8,-119.69
KERCKHOF_7_B1,Generation Node,37.07,-119.58
OAKHURST_1_N001,Load Node,37.3238,-119.63
OAKHURST_1_N002,Load Node,37.3238,-119.63
CORSGOLD_1_N001,Load Node,37.2275,-119.69
CORSGOLD_1_N003,Load Node,37.2275,-119.69
BARTON_1_N001,Load Node,36.764,-119.74
BARTON_1_N007,Load Node,36.764,-119.74
BARTON_1_N008,Load Node,36.764,-119.74
MANCHSTR_1_N001,Load Node,36.788,-119.79
MANCHSTR_1_N002,Load Node,36.788,-119.79
MANCHSTR_1_N005,Load Node,36.788,-119.79
WOODWARD_1_N001,Load Node,36.8966,-119.75
WOODWARD_1_N005,Load Node,36.8966,-119.75
WOODWARD_1_N006,Load Node,36.8966,-119.75
SHARON_1_N001,Load Node,37.0973,-120.16
CONTADNA_1_N001,Load Node,36.29,-119.71
CHWCHLLA_1_B1,Generation Node,37.12,-120.23
CHWCHLLA_1_N001,Load Node,37.1208,-120.25
CHWCHLLA_1_N002,Load Node,37.1208,-120.25
CERTTEED_1_N001,Load Node,37.06,-120.08
CERTTEED_1_N002,Load Node,37.06,-120.08
CHOWCOGN_7_N001,Generation Node,37.1208,-120.25
CHLDHOSP_1_N001,Load Node,36.87,-119.81
INDNFLT_6_N001,Load Node,37.6655,-119.84
MARIPOS2_6_N001,Load Node,37.5045,-120.01
MARIPOS2_6_N003,Load Node,37.5045,-120.01
LEGRAND_1_N001,Load Node,37.1844,-120.27
BERVLLY_6_N001,Load Node,37.5865,-120.13
EXCHQRTP_7_B1,Generation Node,37.6,-120.28
EXCHQUER_7_B1,Generation Node,37.59,-120.29
DAIRYLND_1_N001,Load Node,37.0552,-120.32
BULLARD_1_N001,Load Node,36.8244,-119.77
BULLARD_1_N004,Load Node,36.8244,-119.77
BULLARD_1_N005,Load Node,36.8244,-119.77
BULLARD_1_N006,Load Node,36.8244,-119.77
BULLARD_1_N009,Generation Node,36.8244,-119.77
AUBERRY_6_N001,Load Node,37.0681,-119.5
AUBERRY_6_N003,Load Node,37.0681,-119.5
PNEDLE_1_N002,Load Node,36.83,-119.83
PNEDLE_1_N001,Load Node,36.83,-119.83
MERCEDFL_7_N001,Load Node,37.2728,-120.49
MERCEDFL_7_N002,Generation Node,37.2728,-120.49
BIOLA_6_N001,Load Node,36.7925,-120.11
RIVERROC_6_N001,Load Node,36.9026,-119.77
NEWHALL_1_N001,Load Node,36.8672,-120.33
NEWHALL_1_N002,Load Node,36.8672,-120.33
BARRE_6_N001,Load Node,33.8091,-117.98
BARRE_6_N002,Load Node,33.8091,-117.98
BARRE_6_N003,Load Node,33.8091,-117.98
BARRE_2_N043,Generation Node,33.8091,-117.98
BONITA_6_N001,Load Node,36.9679,-120.2
ASHLAN_2_N008,Load Node,36.7926,-119.83
ASHLAN_2_N001,Load Node,33.1365,-117.07
ASHLAN_2_N007,Load Node,33.1365,-117.07
FIGARDN_2_N001,Load Node,36.822,-119.86
FIGARDN_2_N101,Load Node,36.822,-119.86
HELMS1_7_B1,Generation Node,36.5912,-120.18
HELMS2_7_B1,Generation Node,36.5912,-120.18
HELMS3_7_B1,Generation Node,36.5912,-120.18
GREGG_2_B1,Generation Node,36.86,-119.93
BORDEN_2_N007,Load Node,36.9223,-119.98
BORDEN_2_N008,Generation Node,36.9223,-119.98
BORDEN_2_N009,Generation Node,36.9223,-119.98
KERMAN_6_N002,Load Node,36.6921,-120.06
ELLIS_6_N001,Load Node,37.7165,-121.55
ELLIS_6_N003,Generation Node,37.7165,-121.55
ELLIS_6_N105,Load Node,37.7165,-121.55
STOREY2_2_N001,Load Node,36.9828,-120.03
ELLIS_2_B1,Generation Node,33.68,-117.94
HUNT1G_7_B1,Generation Node,33.6461,-117.98
HUNT1G_7_N002,Load Node,33.64,-117.96
HUNT3G_7_B1,Generation Node,33.6461,-117.98
HUNT3G_7_N002,Load Node,33.64,-117.97
HUNT4G_7_B1,Generation Node,33.6461,-117.98
HUNT4G_7_N002,Load Node,33.66,-117.97
HUNT2G_7_B1,Generation Node,33.6461,-117.98
HUNT2G_7_N002,Load Node,33.66,-117.97
BOWLES_6_N001,Load Node,36.6057,-119.77
CARUTHRS_6_N001,Load Node,36.5316,-119.88
JOHANNA_2_N001,Load Node,33.7136,-117.85
JOHANNA_2_N007,Load Node,33.7136,-117.85
JOHANNA_2_N013,Generation Node,33.7136,-117.85
KEARNEY_6_N001,Load Node,36.7044,-119.88
KEARNEY_6_N099,Load Node,36.7044,-119.88
STOREY1_2_N001,Load Node,36.9828,-120.03
STOREY1_2_N003,Generation Node,36.9828,-120.03
ALAMT5G_7_B1,Generation Node,33.7716,-118.1
ALAMT1G_7_B1,Generation Node,33.7716,-118.1
ALAMT5G_7_N002,Load Node,33.7716,-118.1
ALAMT6G_7_B1,Generation Node,33.7716,-118.1
ALAMT6G_7_N002,Load Node,33.7716,-118.1
ALAMT1G_7_N002,Load Node,33.7716,-118.1
ALAMT2G_7_B1,Generation Node,33.7716,-118.1
ALAMT2G_7_N002,Load Node,33.7716,-118.1
ALAMITOS_2_N001,Load Node,33.7716,-118.1
ALAMITOS_2_N040,Load Node,33.77,-118.1
ALAMT4G_7_B1,Generation Node,33.7716,-118.1
ALAMT4G_7_N002,Load Node,33.7716,-118.1
ALAMT3G_7_B1,Generation Node,33.7716,-118.1
ALAMT3G_7_N002,Load Node,33.7716,-118.1
MENDOTA_1_N008,Load Node,36.7208,-120.46
GALLO_1_N001,Load Node,37.3633,-120.76
SANTIAGO_6_N004,Generation Node,33.6651,-117.77
LIVNGSTN_1_N001,Load Node,37.3633,-120.76
RECTOR_6_N001,Load Node,36.2985,-119.24
RECTOR_6_N004,Generation Node,36.2985,-119.24
RECTOR_6_N007,Generation Node,36.2985,-119.24
RECTOR_6_N008,Generation Node,36.2985,-119.24
RECTOR_6_N009,Generation Node,36.2985,-119.24
CRESSEY_1_N001,Load Node,37.4285,-120.64
CRESSEY_1_N003,Generation Node,37.4285,-120.64
JRWOOD_1_N001,Load Node,37.37,-120.64
JRWDGEN_1_N001,Generation Node,37.37,-120.63
ATWATER_1_B2,Load Node,37.36,-120.61
ATWATER_1_N001,Load Node,37.36,-120.61
MERCED_1_N002,Load Node,37.2728,-120.49
MERCED_1_N001,Load Node,37.2728,-120.49
ELCAPTN_1_N004,Load Node,37.3358,-120.51
ELCAPTN_1_N005,Load Node,37.3655,-120.58
ELCAPTN_1_N001,Load Node,37.3358,-120.51
ELNIDO_1_N001,Load Node,33.8962,-118.37
ELNIDO_1_N004,Load Node,37.1206,-120.47
DELAMO_2_N001,Load Node,33.8483,-118.1
DELAMO_2_N014,Load Node,33.8483,-118.1
DELAMO_2_N022,Load Node,33.8483,-118.1
WILSONAB_1_N001,Load Node,37.2908,-120.41
VESTAL_6_N001,Load Node,35.857,-119.09
VESTAL_6_N002,Generation Node,35.857,-119.09
VESTAL_6_N004,Generation Node,35.857,-119.09
VESTAL_6_N006,Generation Node,35.857,-119.09
HINSON_6_N001,Load Node,33.8189,-118.22
LBEACH1G_7_N001,Generation Node,33.8189,-118.22
LBEACH2G_7_N001,Generation Node,33.8189,-118.22
LBEACH2G_7_N002,Load Node,33.82,-118.21
LBEACH3G_7_N001,Generation Node,33.8189,-118.22
LBEACH4G_7_N001,Generation Node,33.8189,-118.22
SERRFGEN_7_B1,Generation Node,33.8189,-118.22
CARBOGEN_7_B1,Generation Node,33.8189,-118.22
HINSON_2_B1,Generation Node,33.84,-118.23
HARBORG_7_B2,Generation Node,33.77,-118.25
HARBORG_7_B3,Generation Node,33.77,-118.25
HARBORG_7_B4,Generation Node,33.77,-118.25
HARBORG_7_N101,Load Node,33.77,-118.25
ICEGEN_7_B1,Generation Node,33.8805,-118.18
LITEHIPE_6_N001,Load Node,33.8805,-118.18
LITEHIPE_6_N006,Generation Node,33.8805,-118.18
LITEHIPE_6_N008,Load Node,33.8805,-118.18
MCMULLN1_2_N001,Load Node,36.5928,-119.99
ARCO1G_7_B1,Generation Node,33.8175,-118.24
LCIENEGA_6_N001,Load Node,34.0008,-118.38
CENTERS_6_N001,Load Node,33.9288,-118.11
CENTERS_6_N004,Generation Node,33.9288,-118.11
CENTERS_6_N200,Load Node,33.9288,-118.11
CTRPKGEN_7_B1,Generation Node,33.9288,-118.11
LAFRESA_6_N001,Load Node,33.8697,-118.33
LAFRESA_6_N003,Generation Node,33.8697,-118.33
LAFRESA_6_N007,Load Node,33.8697,-118.33
ELNIDO_2_N001,Load Node,37.1206,-120.47
ELNIDO_2_N012,Load Node,33.8962,-118.37
ELSEG3G_7_B1,Generation Node,33.9085,-118.42
ELSEG4G_7_B1,Generation Node,33.9085,-118.42
ELSEGNDO_2_B1,Generation Node,33.9,-118.42
REDON5G_7_B1,Generation Node,33.8526,-118.39
REDON6G_7_B1,Generation Node,33.8526,-118.39
REDON7G_7_B1,Generation Node,33.8526,-118.39
REDON8G_7_B1,Generation Node,33.8526,-118.39
LAGUBELL_6_N001,Load Node,33.9759,-118.15
LAGUBELL_6_N005,Generation Node,33.9759,-118.15
LAGUBELL_6_N210,Load Node,33.9759,-118.15
MCDISLE_6_N001,Load Node,37.937,-121.53
LAGUBELL_2_B1,Generation Node,33.98,-118.15
VELASCO_2_N100,Generation Node,34,-118.09
EASTWOOD_7_B1,Generation Node,37.1441,-119.27
BIGCRK1_7_N001,Load Node,37.2021,-119.24
BCRK1-2_1_N003,Generation Node,37.2021,-119.24
BCRK1-2_1_N004,Generation Node,37.2021,-119.24
BIGCRK1_2_B1,Generation Node,37.2,-119.24
BIGCRK2_2_B1,Generation Node,37.21,-119.32
BIGCRK8_2_B1,Generation Node,37.18,-119.25
BIGCRK3_2_B1,Generation Node,37.14,-119.39
MAMOTH1G_7_B1,Generation Node,37.23,-119.35
MAMOTH2G_7_B1,Generation Node,37.23,-119.33
BCRK4_7_B1,Generation Node,37.13,-119.5
BCRK4_7_B3,Generation Node,37.13,-119.5
BIGCRK4_2_B1,Generation Node,37.14,-119.49
MESACAL_6_N001,Load Node,34.0375,-118.11
MESACAL_6_N004,Generation Node,34.0355,-118.11
WILKINS_6_N001,Load Node,39.0055,-121.87
MELONES_2_N014,Generation Node,37.949,-120.52
MDLRIVR_6_N001,Load Node,37.937,-121.53
SANMRCOS_6_N001,Load Node,33.1288,-117.2
SANMRCOS_6_N007,Load Node,33.1288,-117.2
SANMRCOS_6_N011,Load Node,33.1288,-117.2
SANMRCOS_6_N012,Generation Node,33.1288,-117.2
JAPMESA_6_N001,Load Node,33.3743,-117.55
JAPMESA_6_N007,Load Node,33.3743,-117.55
CRSTNTS_6_N001,Load Node,33.4634,-117.57
RIOHONDO_6_N001,Load Node,34.1061,-117.98
RIOHONDO_6_N004,Generation Node,34.1061,-117.98
RIOHONDO_6_N007,Generation Node,34.1061,-117.98
GUALALA_6_N001,Load Node,38.7867,-123.52
OTTER_6_N001,Load Node,36.4778,-121.73
LEMOORE_6_N002,Load Node,36.31,-119.8
LEMOORE_6_N101,Load Node,36.31,-119.8
WARNERVL_2_B1,Generation Node,37.74,-120.8
WARNERVL_2_B2,Generation Node,37.74,-120.8
HOOPA_6_N001,Load Node,41.0565,-123.68
LAGNANL_1_N001,Load Node,33.4949,-117.7
LAGNANL_1_N002,Load Node,33.4949,-117.7
LAGNANL_1_N005,Load Node,33.4949,-117.7
LAGNANL_1_N006,Load Node,33.4949,-117.7
COTTLE_7_N001,Load Node,37.7726,-120.83
COTTLE_7_N002,Generation Node,37.7726,-120.83
CAPSTRNO_1_N001,Load Node,33.5129,-117.67
CAPSTRNO_1_N006,Load Node,33.5129,-117.67
CAPSTRNO_1_N016,Generation Node,33.5129,-117.67
COTTLEA_2_N001,Load Node,37.7726,-120.83
TRABUCO_1_N001,Load Node,33.563,-117.67
TRABUCO_1_N005,Load Node,33.563,-117.67
TRABUCO_1_N009,Load Node,33.563,-117.67
TRABUCO_1_N013,Load Node,33.563,-117.67
LINDEN_6_N101,Load Node,38.0169,-121.1
MARGARTA_1_N009,Load Node,33.55,-117.63
MARGARTA_1_N001,Load Node,33.55,-117.63
MARGARTA_1_N002,Load Node,33.55,-117.63
MARGARTA_1_N008,Load Node,33.55,-117.63
JCBSCRNR_6_N001,Load Node,36.2225,-119.78
JCBSCRNR_6_N003,Load Node,36.2225,-119.78
HERDLYN_6_N001,Load Node,37.8164,-121.59
CALISTGA_6_N001,Load Node,38.5927,-122.58
FIREBAGH_6_N001,Load Node,36.8507,-120.47
OLINDA_6_N001,Load Node,33.9461,-117.92
OLINDA_6_N002,Generation Node,33.9461,-117.92
OLINDA_6_N004,Generation Node,33.9461,-117.92
OLINDA_6_N007,Generation Node,33.9461,-117.92
MELROSE_6_N001,Load Node,33.2065,-117.25
MELROSE_6_N004,Load Node,33.2065,-117.25
MELROSE_6_N005,Load Node,33.2065,-117.25
MELROSE_6_N009,Load Node,33.2065,-117.25
SANMATEO_1_N001,Load Node,37.5833,-122.32
SANMATEO_1_N009,Load Node,37.5833,-122.32
HORNO_6_N001,Load Node,33.3783,-117.46
LASPULGS_6_N001,Load Node,37.4629,-122.23
WALNUT_6_N001,Load Node,34.0085,-117.95
WALNUT_6_N007,Generation Node,34.0085,-117.95
WALNUT_6_N008,Generation Node,34.0085,-117.95
PICO_1_N001,Load Node,33.4568,-117.59
PICO_1_N004,Load Node,33.4568,-117.59
MUSLSLGH_6_N001,Load Node,36.2645,-119.91
LAURELES_6_N001,Load Node,36.4778,-121.73
HILLGEN_7_B1,Generation Node,34.0085,-117.95
BIXLER_6_N001,Load Node,37.937,-121.53
KEARNEY_7_N001,Load Node,36.7044,-119.88
GWFGT1_7_B1,Generation Node,36.2416,-119.9
GWFGT2_7_B1,Generation Node,36.2416,-119.9
HENRITTA_6_N101,Load Node,36.2416,-119.9
CURTIS1_7_N001,Load Node,37.9749,-120.32
SONOFR2_7_B1,Generation Node,33.3697,-117.55
SONOFR3_7_B1,Generation Node,33.3693,-117.55
SONOFRE_2_N001,Load Node,33.3697,-117.55
SONOFRE_2_N067,Load Node,33.3697,-117.55
CURTISS_1_N010,Generation Node,37.9749,-120.32
CURTISS_1_N101,Load Node,37.9749,-120.32
FBERBORD_1_N001,Generation Node,37.97,-120.3
ENCNITAS_6_N001,Load Node,33.0506,-117.29
ENCNITAS_6_N004,Load Node,33.0506,-117.29
ENCNITAS_6_N011,Load Node,33.0506,-117.29
ANNAPOLS_6_N001,Load Node,38.6803,-123.31
AVOCADO_6_N001,Load Node,33.3847,-117.24
AVOCADO_6_N002,Load Node,33.3847,-117.24
KEARNEY_7_B3,Generation Node,36.7044,-119.88
KEARNEY_7_N003,Load Node,32.8329,-117.13
MI-WUK_1_N001,Load Node,38.0527,-120.22
RICE_6_N002,Load Node,39.4028,-122.01
RICE_6_N101,Load Node,39.4028,-122.01
SPRINGVL_6_N004,Generation Node,36.1058,-118.94
SPRINGVL_6_N002,Generation Node,36.1058,-118.94
SPRINGVL_6_N006,Generation Node,36.1058,-118.94
SPRINGVL_6_N001,Load Node,36.1058,-118.94
MESARIM_6_N001,Load Node,32.9049,-117.17
MESARIM_6_N007,Load Node,32.9049,-117.17
MESARIM_6_N008,Load Node,32.9049,-117.17
MESARIM_6_N012,Load Node,32.9049,-117.17
GOULD_2_N001,Load Node,34.2215,-118.19
GOULD_2_N007,Load Node,34.2215,-118.19
FROGTOWN_7_N001,Load Node,38.0565,-120.53
FROGTOWN_7_N003,Generation Node,38.0565,-120.53
COLUSA_6_N001,Load Node,39.2136,-122
COLUSA_6_N004,Load Node,39.2136,-122
RTRACK_1_N001,Load Node,37.9797,-120.41
MONSRATE_6_N001,Load Node,33.3291,-117.24
MONSRATE_6_N007,Load Node,33.3291,-117.24
ARBUCKLE_6_N001,Load Node,39.0176,-122.06
LIVNGSTN_6_N001,Load Node,37.3633,-120.76
UCM_6_N001,Load Node,32.8836,-117.22
UCM_6_N002,Load Node,32.8836,-117.22
UCM_6_N006,Load Node,32.8836,-117.22
LAJOLLA_6_N001,Load Node,32.8401,-117.28
LAJOLLA_6_N007,Load Node,32.8401,-117.28
GENESEE_6_N001,Load Node,32.8797,-117.21
GENESEE_6_N005,Load Node,32.8797,-117.21
GENESEE_6_N011,Load Node,32.8797,-117.21
GENESEE_6_N015,Load Node,32.8797,-117.21
PENDLETN_6_N001,Load Node,33.3093,-117.34
PENDLETN_6_N004,Load Node,33.3093,-117.34
STUART_6_N001,Load Node,33.2567,-117.42
OWNBRKWY_1_N001,Load Node,37.72,-122.22
TOREYPNS_6_N001,Load Node,32.8987,-117.24
TOREYPNS_6_N007,Load Node,32.8987,-117.24
TOREYPNS_6_N008,Load Node,32.8987,-117.24
TOREYPNS_6_N009,Load Node,32.8987,-117.24
DELMAR_6_N001,Load Node,38.7988,-121.22
DELMAR_6_N010,Load Node,32.9808,-117.26
DELMAR_6_N011,Load Node,32.9808,-117.26
GONZALES_6_N001,Load Node,36.5089,-121.45
GONZALES_6_N003,Load Node,36.5089,-121.45
OCEANSDE_6_N001,Load Node,33.1968,-117.38
OCEANSDE_6_N002,Load Node,33.1968,-117.38
HOLM1_7_B1,Generation Node,37.83,-119.99
HOLM2_7_B1,Generation Node,37.86,-120
JENNY_1_N001,Load Node,37.77,-122.26
JENNY_1_N008,Load Node,37.77,-122.26
STATINJ_1_N001,Load Node,37.7633,-122.21
STATINJ_1_N012,Load Node,37.7633,-122.21
STATINJ_1_N027,Load Node,37.77,-122.22
SNDBRJT_1_B1,Generation Node,38.19,-120.12
ROSECYN_6_N001,Load Node,32.8445,-117.24
ROSECYN_6_N017,Load Node,32.8445,-117.24
DUNHILL_6_N001,Load Node,32.9015,-117.23
CHSTN_115_B1,Generation Node,38.09,-120.3
CHSTN_1_N001,Load Node,38.09,-120.3
ELCAJNGT_7_B3,Generation Node,32.7954,-116.97
ELCAJNGT_7_N001,Load Node,32.7954,-116.97
MIRAMAR_6_N001,Load Node,32.894,-117.14
MIRAMAR_6_N004,Load Node,32.894,-117.14
MIRAMAR_6_N017,Load Node,32.894,-117.14
BALFOUR_6_N001,Load Node,37.926,-121.68
FENTON_6_N001,Load Node,32.895,-117.16
ELCAJNGT_7_N004,Load Node,32.7954,-116.97
RIVRBANK_1_N001,Load Node,37.7689,-120.91
EDES_1_N001,Load Node,37.7388,-122.19
EDES_1_N003,Load Node,37.7388,-122.19
MIRAMREF_7_B1,Generation Node,32.894,-117.14
EASTGATE_6_N004,Generation Node,32.885,-117.2
EASTGATE_6_N101,Load Node,32.885,-117.2
EASTGATE_6_N201,Load Node,32.885,-117.2
MOROHILL_6_N001,Load Node,33.2522,-117.3
DONNELLS_7_B1,Generation Node,38.24,-120.03
OLETA_6_N001,Load Node,38.4806,-120.84
OLETA_6_N003,Load Node,38.4806,-120.84
STANISLS_7_B1,Generation Node,38.15,-120.36
STANISLS_1_B1,Generation Node,38.14,-120.37
STANISLS_1_N001,Load Node,38.14,-120.37
KYOCERA_6_N001,Load Node,32.8198,-117.14
SNTHLNE_6_N001,Load Node,37.6224,-122.45
SNTHLNE_6_N002,Load Node,37.6224,-122.45
PALA_6_N001,Load Node,33.3559,-117.11
MESAHGTS_6_N001,Load Node,32.8296,-117.16
MESAHGTS_6_N007,Load Node,32.8296,-117.16
MESAHGTS_6_N011,Generation Node,32.8296,-117.16
CLAIRMNT_6_N001,Load Node,32.8259,-117.18
CLAIRMNT_6_N008,Load Node,32.8259,-117.18
RVRBANK_1_N001,Load Node,37.7689,-120.91
RVRBANK_1_N005,Load Node,37.7689,-120.91
RSNTAFE_6_N001,Load Node,33.0143,-117.2
RSNTAFE_6_N008,Load Node,33.0143,-117.2
RSNTAFE_6_N009,Load Node,33.0143,-117.2
FORTRSS_6_N001,Load Node,38.5396,-123.22
MORMON_6_N001,Load Node,37.9687,-121.19
PLAINFLD_6_N001,Load Node,38.6189,-121.79
SANCRLS_6_N001,Load Node,37.4997,-122.24
SANCRLS_6_N002,Load Node,37.4997,-122.24
SANCRLS_6_N004,Load Node,37.4997,-122.24
SAUSALTO_6_N001,Load Node,37.8634,-122.5
SAUSALTO_6_N002,Load Node,37.8634,-122.5
CAMPHORA_6_N001,Load Node,36.4683,-121.39
CAMPHORA_6_N003,Load Node,36.4683,-121.39
DMTARSL_1_N001,Load Node,37.7,-122.15
CABRILLO_6_N001,Load Node,32.7074,-117.25
CABRILLO_6_N004,Load Node,32.7074,-117.25
CABRILLO_6_N011,Generation Node,32.7074,-117.25
PACFCBCH_6_N001,Load Node,32.7992,-117.24
PACFCBCH_6_N004,Load Node,32.7992,-117.24
GRBRVLLE_6_N001,Load Node,40.1026,-123.79
MURRAY_6_N001,Load Node,32.7908,-117.02
MURRAY_6_N004,Load Node,32.7908,-117.02
MURRAY_6_N005,Load Node,32.7908,-117.02
MURRAY_6_N015,Load Node,32.7908,-117.02
RUSSRCH_6_N001,Load Node,40.8198,-123.83
REDWOOD_6_N002,Load Node,37.4903,-122.21
REDWOOD_6_N005,Load Node,37.4903,-122.21
REDWOOD_6_N006,Load Node,37.4903,-122.21
REDWOOD_6_N007,Load Node,37.4903,-122.21
REDWOOD_6_N001,Load Node,37.4903,-122.21
GARFIELD_6_N001,Load Node,32.7951,-117
DAVIS_1_N001,Load Node,39.06,-121.71
DAVIS_1_N007,Load Node,39.06,-121.71
DAVIS_1_N018,Generation Node,39.06,-121.71
DAVIS_1_N012,Load Node,39.06,-121.71
PACIFICA_6_N001,Load Node,37.5946,-122.49
PACIFICA_6_N003,Load Node,37.5946,-122.49
SNTARTA_6_N001,Load Node,37.0551,-120.63
CREELMAN_6_N004,Load Node,33.0181,-116.85
CREELMAN_6_N001,Load Node,33.0181,-116.85
CREELMAN_6_N014,Load Node,33.0181,-116.85
SCRIPPS_6_N001,Load Node,32.9111,-117.11
SCRIPPS_6_N008,Load Node,32.9111,-117.11
SCRIPPS_6_N013,Load Node,32.9111,-117.11
BARRY_6_N001,Load Node,39.0693,-121.69
SANLUSRY_6_N013,Load Node,36.7796,-120.73
SANLUSRY_6_N014,Load Node,36.7796,-120.73
SANLUSRY_6_N101,Load Node,36.7796,-120.73
SANLUSRY_6_N201,Load Node,36.8615,-120.78
STANDFD2_1_N011,Generation Node,37.43,-122.17
WARNERS_6_N001,Load Node,33.2472,-116.68
EAGLROCK_2_N001,Load Node,38.8293,-122.81
EAGLROCK_2_N012,Load Node,38.8293,-122.81
RINCON_6_N001,Load Node,33.2859,-116.96
RINCON_6_N008,Load Node,38.4901,-122.67
DALYCTY_1_N001,Load Node,37.6917,-122.46
DALYCTY_1_N005,Load Node,37.6917,-122.46
LAGUNITS_6_N001,Load Node,36.7489,-121.61
CPELCAJN_7_B1,Generation Node,32.7954,-116.97
BATIQTOS_1_N001,Load Node,33.1011,-117.25
BATIQTOS_1_N008,Load Node,33.1011,-117.25
BATIQTOS_1_N015,Load Node,33.1011,-117.25
SLMNCRK_6_N001,Load Node,38.3436,-123.04
ESTGRND_1_N001,Load Node,37.6539,-122.4
ESTGRND_1_N005,Load Node,37.6539,-122.4
ESTGRND_1_N009,Load Node,37.6539,-122.4
VALLYHM_1_N001,Load Node,37.8558,-120.94
VALLYHM_1_N004,Generation Node,37.8558,-120.94
PALOMAR_1_N001,Load Node,33.1228,-117.29
PALOMAR_1_N004,Load Node,33.1228,-117.29
PALOMAR_1_N013,Load Node,33.1228,-117.29
BRKRSLG_1_N005,Load Node,38.79,-121.55
SANTYSBL_6_N001,Load Node,33.1105,-116.67
AVENA_1_N001,Load Node,37.8422,-121.05
BLLEHVN_6_N001,Load Node,37.4772,-122.17
BLLEHVN_6_N002,Load Node,37.4772,-122.17
BLLEHVN_6_N004,Load Node,37.4772,-122.17
BLLEHVN_6_N006,Load Node,37.4772,-122.17
BLLEHVN_6_N007,Load Node,37.4772,-122.17
BLLEHVN_6_N009,Generation Node,37.4772,-122.17
DUNNIGAN_6_N001,Load Node,38.9248,-121.99
SERRMNTE_1_N011,Load Node,37.6917,-122.46
DESCANSO_6_N001,Load Node,32.8652,-116.63
GABILAN_6_N001,Load Node,36.7315,-121.61
SHADOWR_1_N001,Load Node,33.1415,-117.24
SHADOWR_1_N006,Load Node,33.1415,-117.24
SHADOWR_1_N008,Load Node,33.1415,-117.24
CANNON_1_N001,Load Node,33.1374,-117.33
CANNON_1_N004,Load Node,33.1374,-117.33
ENCINA1_7_B1,Generation Node,33.137,-117.34
ENCINA2_7_B1,Generation Node,33.137,-117.34
ENCINA3_7_B1,Generation Node,33.137,-117.34
ENCINA4_7_B1,Generation Node,33.137,-117.34
ENCINAGT_7_B11,Generation Node,33.137,-117.34
ENCINA_1_B1,Generation Node,33.12,-117.32
ENCINA_1_N001,Load Node,33.137,-117.34
ENCINA_1_N049,Load Node,33.137,-117.34
MISSON_1_N015,Generation Node,32.7842,-117.14
RIPON_1_N001,Load Node,37.72,-121.13
SNLNDRO_1_N027,Load Node,37.7111,-122.15
SNLNDRO_1_N001,Load Node,37.7111,-122.15
SNLNDRO_1_N014,Load Node,37.7111,-122.15
SNLNDRO_1_N017,Load Node,37.7111,-122.15
GUSTINE_6_N001,Load Node,37.2532,-121.01
GUSTINE_6_N002,Load Node,37.2532,-121.01
JACINTO_6_N001,Load Node,39.5829,-122.01
LILAC_6_N001,Load Node,33.2533,-117.09
LILAC_6_N010,Load Node,33.2533,-117.09
NCMETER_1_N001,Load Node,33.0896,-117.2
BERNARDO_6_N001,Load Node,33.0216,-117.1
BERNARDO_6_N002,Load Node,33.0216,-117.1
BERNARDO_6_N009,Load Node,33.0216,-117.1
BERNARDO_6_N013,Load Node,33.0216,-117.1
BERNARDO_6_N014,Load Node,33.0216,-117.1
ENCINA5_7_B1,Generation Node,33.137,-117.34
STKTONA_1_N001,Load Node,37.9471,-121.29
STKTONA_1_N003,Load Node,37.9471,-121.29
GRANITE_6_N001,Load Node,32.8045,-116.92
GRANITE_6_N007,Load Node,32.8045,-116.92
GRANITE_6_N008,Load Node,32.8045,-116.92
GRANITE_6_N009,Load Node,32.8045,-116.92
VALCNTR_6_N001,Load Node,33.2307,-117.02
MARTINC_1_B1,Generation Node,37.59,-122.38
BAYSHOR1_1_N001,Load Node,37.746,-122.4
BAYSHOR2_1_N001,Load Node,37.746,-122.4
POTRERO_1_N001,Load Node,37.46,-122.4
POTRERO_1_N013,Load Node,37.46,-122.4
POTRERO_1_N016,Load Node,37.46,-122.4
SANYSDRO_6_N001,Load Node,32.5622,-117.03
SANYSDRO_6_N004,Load Node,32.5622,-117.03
CANAL_6_N001,Load Node,37.0664,-120.84
WOODLD_1_B1,Generation Node,38.71,-121.79
WOODLD_1_N001,Load Node,38.6782,-121.76
WOODLD_1_N005,Load Node,38.6782,-121.76
WOODLD_1_N012,Load Node,38.6782,-121.76
ENCINA_2_B1,Generation Node,33.13,-117.35
HALSEYF_7_B1,Generation Node,38.9568,-121.05
HALSEYF_7_N001,Load Node,38.9568,-121.05
GOLETA_6_N002,Generation Node,34.4878,-119.88
GOLETA_6_N003,Generation Node,34.4878,-119.88
GOLETA_6_N004,Generation Node,34.4878,-119.88
GOLETA_6_N022,Generation Node,34.4878,-119.88
GOLETA_6_N100,Generation Node,34.4878,-119.88
GOLETA_6_N200,Load Node,34.4878,-119.88
POST_1_N001,Load Node,39.11,-121.64
POINTLMA_6_N001,Generation Node,32.7415,-117.23
POINTLMA_6_N013,Load Node,32.7415,-117.23
POINTLMA_6_N014,Load Node,32.7415,-117.23
POINTLMA_6_N021,Generation Node,32.7415,-117.23
PLUMAS_6_N001,Load Node,39.0261,-121.54
MOBILCHE_1_N001,Load Node,38.76,-121.76
EMBRCDR_2_N001,Load Node,37.78,-122.38
EMBRCDR_2_N008,Load Node,37.78,-122.38
EMBRCDR_2_N010,Generation Node,37.78,-122.38
EMBRCDR_2_N101,Load Node,37.78,-122.38
EMBRCDR_2_N104,Load Node,37.78,-122.38
SFIA-MA_1_N001,Load Node,37.61,-122.44
CEDRCRK_6_N001,Generation Node,40.7912,-121.94
CEDRCRK_6_N101,Load Node,40.7912,-121.94
DEEPWATR_1_N104,Load Node,38.5516,-121.56
DEEPWATR_1_N101,Load Node,38.5516,-121.56
PAULSWT_1_N001,Load Node,36.9923,-121.98
PAULSWT_1_N004,Load Node,36.9923,-121.98
PAULSWT_1_N013,Generation Node,36.9923,-121.98
PAULSWT_1_N101,Load Node,36.9923,-121.98
STREAMVW_6_N001,Load Node,32.7456,-117.08
STREAMVW_6_N007,Load Node,32.7456,-117.08
WSCRMNO_1_N004,Load Node,38.5893,-121.55
WSCRMNO_1_N013,Load Node,38.5893,-121.55
WSCRMNO_1_N201,Load Node,38.5893,-121.55
TUDOR_6_N001,Load Node,38.9821,-121.64
PENRYN_6_N001,Load Node,38.8444,-121.17
PENRYN_6_N004,Load Node,38.8444,-121.17
STNCOGNJ_1_B1,Generation Node,37.91,-121.2
MREIS-Q_1_N001,Load Node,38.12,-122.33
F_6_N001,Load Node,32.7549,-117.13
F_6_N002,Load Node,32.7549,-117.13
F_6_N005,Load Node,32.7549,-117.13
LOSGATS_6_N002,Load Node,37.2264,-121.98
LOSGATS_6_N201,Load Node,37.2264,-121.98
FRTSWRD_6_N001,Load Node,40.2138,-123.6
FRTSWRD_6_N004,Generation Node,40.2138,-123.6
CMPEVRS_1_N001,Load Node,37.0416,-122.03
CMPEVRS_1_N002,Load Node,37.0416,-122.03
CARQUINZ_1_N001,Load Node,38.091,-122.25
CARQUINZ_1_N002,Load Node,38.091,-122.25
SPRNGVLY_6_N001,Load Node,32.739,-117
SPRNGVLY_6_N010,Load Node,32.739,-117
COVELO6_6_N001,Load Node,39.7863,-123.25
ARTESN_6_N001,Load Node,33.0212,-117.13
SNANDRES_6_N001,Load Node,37.6033,-122.42
URBAN_6_N001,Load Node,32.7133,-117.15
URBAN_6_N005,Load Node,32.7133,-117.15
SOLEDAD_6_N001,Load Node,36.4295,-121.33
GRSSVLY_6_N101,Load Node,39.2095,-121.06
CHOLLAS_6_N001,Load Node,32.744,-117.05
CHOLLAS_6_N008,Load Node,32.744,-117.05
CHOLLAS_6_N009,Load Node,32.744,-117.05
KETTNER_6_N001,Load Node,32.7332,-117.17
KETTNER_6_N004,Load Node,32.7332,-117.17
B_6_N005,Load Node,32.7143,-117.17
B_6_N003,Load Node,32.7143,-117.17
B_6_N001,Load Node,32.7143,-117.17
B_6_N007,Load Node,32.7143,-117.17
IMPRLBCH_6_N004,Load Node,32.5833,-117.1
IMPRLBCH_6_N001,Load Node,32.5833,-117.1
CORONADO_6_N001,Load Node,32.6988,-117.17
CORONADO_6_N002,Load Node,32.6988,-117.17
MTNQUAR_6_N001,Load Node,38.9145,-121.02
NOISLMTR_6_N009,Load Node,32.7024,-117.18
NOISLMTR_6_N004,Load Node,32.7024,-117.18
NOISLMTR_6_N015,Generation Node,32.7024,-117.18
NOISLMTR_6_N101,Generation Node,32.7024,-117.18
ELLIOTT_6_N001,Load Node,32.8159,-117.09
ELLIOTT_6_N004,Load Node,32.8159,-117.09
ZAMORA_1_N001,Load Node,38.7754,-121.86
RSVTNRD_6_N001,Load Node,36.6244,-121.69
UALCOGN_1_N001,Generation Node,37.66,-122.38
UALTAP_1_B1,Generation Node,37.67,-122.42
BELMONT_1_N001,Load Node,37.5233,-122.26
BELMONT_1_N006,Load Node,37.5233,-122.26
BELMONT_1_N008,Load Node,37.5233,-122.26
DOSPALS_6_N001,Load Node,36.9748,-120.64
MILLBRAE_6_N001,Load Node,37.6052,-122.39
PLACER_7_N009,Load Node,38.9013,-121.09
SFIA_1_N001,Load Node,37.65,-122.41
SFIA_1_N007,Load Node,37.65,-122.41
ALMADEN_6_N001,Load Node,37.2603,-121.89
ALPINE_6_N001,Load Node,32.8278,-116.79
ALPINE_6_N005,Load Node,32.8278,-116.79
ORICK_6_N001,Load Node,41.2945,-124.06
SAMPSON_6_N010,Generation Node,32.6944,-117.14
BARRETT_6_N001,Load Node,32.6672,-116.7
CATLETT_6_N001,Load Node,38.8088,-121.52
LOVELAND_6_N001,Load Node,32.797,-116.79
ELKCREEK_6_N001,Load Node,39.1295,-123.71
ELKCREEK_6_N003,Generation Node,39.1295,-123.71
GRANTRK_6_N001,Load Node,37.6709,-122.16
AUBURN_6_N001,Load Node,38.9034,-121.07
OTAYLAKE_6_N001,Load Node,32.5953,-117.06
MISSION_6_N001,Load Node,32.7842,-117.14
MISSION_6_N031,Load Node,32.7842,-117.14
MISSION_6_N040,Load Node,32.7842,-117.14
MISSION_6_N049,Load Node,32.7842,-117.14
MILLBRAE_1_N001,Load Node,37.6052,-122.39
MILLBRAE_1_N004,Load Node,37.6052,-122.39
MILLBRAE_1_N007,Generation Node,37.6052,-122.39
MILLBRAE_1_N201,Load Node,37.6052,-122.39
RAMCOOY_7_B1,Generation Node,32.5953,-117.06
OLDTOWN_6_N001,Load Node,32.7661,-117.19
OTAY_6_N001,Load Node,32.5953,-117.06
OTAY_6_N014,Load Node,32.5953,-117.06
OTAY_6_N017,Generation Node,32.5953,-117.06
OTAY_6_N018,Generation Node,32.5953,-117.06
GRANDIS_1_N004,Load Node,38.2311,-121.59
GRANDIS_1_N009,Load Node,38.2311,-121.59
HIGHWAY_1_N001,Load Node,38.166,-122.25
HIGHWAY_1_N002,Load Node,38.166,-122.25
HIGHWAY_1_N003,Generation Node,38.166,-122.25
BAIR_1_N001,Load Node,37.4969,-122.21
SHREDDER_1_N001,Load Node,37.5117,-122.21
MONTAGUE_1_N001,Load Node,37.4037,-121.91
LONESTAR_1_N001,Load Node,37.5117,-122.21
MONTAGUE_1_N006,Load Node,37.4037,-121.91
MONTAGUE_1_N007,Load Node,37.4037,-121.91
GREENBRE_6_N001,Load Node,37.9378,-122.51
GREENBRE_6_N003,Load Node,37.9378,-122.51
NAVSTMTR_6_N001,Load Node,32.6704,-117.11
NAVSTMTR_6_N011,Load Node,32.6704,-117.11
ALTO_6_N001,Load Node,37.8983,-122.52
ALTO_6_N101,Load Node,37.8983,-122.52
LASPLGS_6_N001,Load Node,33.3129,-117.47
NATNLCTY_6_N005,Load Node,32.6731,-117.11
NATNLCTY_6_N001,Load Node,32.6731,-117.11
LAGUNATP_6_N001,Load Node,36.7489,-121.61
CPBORDER_7_B1,Generation Node,32.5663,-116.94
GLENWOOD_6_N001,Load Node,37.4573,-122.19
GLENWOOD_6_N004,Load Node,37.4573,-122.19
GLENWOOD_6_N005,Load Node,37.4573,-122.19
RCARMEL_6_N011,Load Node,32.9937,-117.08
RCARMEL_6_N001,Load Node,32.9937,-117.08
RCARMEL_6_N004,Load Node,32.9937,-117.08
DIVISION_6_N001,Load Node,32.6816,-117.12
DIVISION_6_N009,Load Node,32.6816,-117.12
JAMACHA_6_N001,Load Node,32.7441,-116.96
JAMACHA_6_N006,Load Node,32.7441,-116.96
JAMACHA_6_N015,Load Node,32.7441,-116.96
BORDER_6_N001,Load Node,32.5663,-116.94
BORDER_6_N008,Load Node,32.5663,-116.94
NSCOGEN_7_B1,Generation Node,32.6816,-117.12
CRUSHER_6_N001,Load Node,37.0216,-122.15
TRIMBLE_1_N004,Load Node,37.42,-121.73
TRIMBLE_1_N010,Load Node,37.42,-121.73
TRIMBLE_1_N016,Load Node,37.42,-121.73
TRIMBLE_1_N020,Load Node,37.42,-121.73
MENLO_6_N001,Load Node,37.4329,-122.2
MENLO_6_N002,Load Node,37.4329,-122.2
MENLO_6_N003,Load Node,37.4329,-122.2
MENLO_6_N004,Load Node,37.4329,-122.2
OMWD_6_N001,Load Node,33.0685,-117.14
CICCOGN_7_N001,Load Node,36.903,-121.76
CICCOGN_7_N002,Generation Node,36.903,-121.76
JARVIS_1_N014,Load Node,37.5956,-122.02
JARVIS_1_N016,Load Node,37.5956,-122.02
JARVIS_1_N017,Load Node,37.5956,-122.02
JARVIS_1_N101,Load Node,37.5956,-122.02
SWEETWTR_6_N017,Load Node,32.6581,-117.09
SWEETWTR_6_N018,Load Node,32.6581,-117.09
FRIARS_1_N001,Load Node,32.779,-117.16
FRIARS_1_N009,Load Node,32.779,-117.16
FRIARS_1_N010,Generation Node,32.779,-117.16
FRUITLND_6_N001,Load Node,40.2858,-123.84
HLFMNBY_6_N002,Load Node,37.4687,-122.43
HLFMNBY_6_N004,Load Node,37.4687,-122.43
HLFMNBY_6_N101,Load Node,37.4687,-122.43
GLENCLIF_6_N001,Load Node,32.7984,-116.5
SHAWROAD_1_N001,Load Node,37.55,-122.42
PTMRTTI_6_N001,Load Node,37.0309,-122.19
CAMERON_6_N001,Load Node,32.6532,-116.49
FMC_1_N001,Load Node,37.3477,-121.92
FMC_1_N003,Load Node,37.3477,-121.92
AGNEW_1_N003,Load Node,37.51,-121.84
BNTACRB_6_N001,Load Node,37.7529,-121.35
PLOALTO_1_N001,Load Node,33.3559,-117.11
PLOALTO_1_N007,Load Node,33.3559,-117.11
PLOALTO_1_N013,Load Node,33.3559,-117.11
PLOALTO_1_N019,Generation Node,33.3559,-117.11
SNJSEA_1_N001,Load Node,37.3282,-121.9
SNJOSEB_1_N009,Load Node,37.3409,-121.9
SNJOSEB_1_N001,Load Node,37.3409,-121.9
SNJOSEB_1_N005,Load Node,37.3409,-121.9
SNJOSEB_1_N013,Load Node,37.3409,-121.9
SNJSEA_1_N005,Load Node,37.3282,-121.9
SNJSEA_1_N101,Load Node,37.3282,-121.9
PNEGRVE_6_N001,Load Node,38.4127,-120.66
PNEGRVE_6_N002,Load Node,38.4127,-120.66
BAYMDWS_1_N001,Load Node,37.5515,-122.29
BAYMDWS_1_N004,Load Node,37.5515,-122.29
BAYMDWS_1_N008,Load Node,37.5515,-122.29
BAYMDWS_1_N012,Load Node,37.5515,-122.29
COLONY_6_N001,Load Node,38.1901,-121.18
KNGHTSLD_1_N001,Load Node,38.8093,-121.75
FELICITA_6_N001,Load Node,33.0932,-117.07
FELICITA_6_N005,Load Node,33.0932,-117.07
FELICITA_6_N009,Load Node,33.0932,-117.07
MONTGMRY_6_N001,Load Node,32.6316,-117.1
MONTGMRY_6_N002,Load Node,32.6316,-117.1
CHEROKEE_6_N001,Load Node,38.0055,-121.24
WOODSIDE_6_N001,Load Node,37.4362,-122.24
WOODSIDE_6_N003,Load Node,37.4362,-122.24
WOODSIDE_6_N004,Load Node,37.4362,-122.24
SANTEE_1_N001,Load Node,32.8545,-116.97
SANTEE_1_N003,Load Node,32.8545,-116.97
SANTEE_1_N004,Load Node,32.8545,-116.97
ROBROY_1_N001,Load Node,36.9799,-121.87
MERIDIAN_6_N101,Load Node,49.3127,-122.81
SUNOL_6_N001,Load Node,37.5869,-121.87
ELPATIO_1_N001,Load Node,37.2922,-121.94
ELPATIO_1_N006,Load Node,37.2922,-121.94
ELPATIO_1_N015,Load Node,37.2922,-121.94
ELPATIO_1_N019,Generation Node,37.37,-121.7
PLACER_1_N001,Load Node,38.9013,-121.09
MANTECA_1_N001,Load Node,37.8014,-121.22
MANTECA_1_N002,Load Node,37.8014,-121.22
MANTECA_1_N012,Load Node,37.8014,-121.22
MANTECA_1_N013,Load Node,37.8014,-121.22
LOCKHD2_1_N001,Load Node,37.4162,-122.03
AMD_1_N001,Load Node,37.37,-121.93
CRYSTLSG_6_N001,Load Node,37.5289,-122.36
APPMAT_1_N001,Load Node,37.36,-121.98
APPMAT_1_N010,Load Node,37.36,-121.98
MABURY_6_N001,Load Node,37.3609,-121.86
SOUTHBAY_6_B1,Generation Node,32.62,-117.08
BRITTN_1_N001,Load Node,37.3743,-122.02
BRITTN_1_N005,Load Node,37.3743,-122.02
BRITTN_1_N006,Load Node,37.3743,-122.02
LOSALTS_6_N004,Load Node,37.3939,-122.11
LOSALTS_6_N005,Load Node,37.3939,-122.11
LOSALTS_6_N101,Load Node,37.3939,-122.11
LYTNVLLE_6_N001,Load Node,39.685,-123.48
ERTA_6_N001,Load Node,36.9306,-121.76
FLINT_1_N001,Load Node,38.8853,-121.07
PARADISX_6_N001,Load Node,39.7615,-121.62
PARADISX_6_N004,Load Node,39.7615,-121.62
LOSCOCHS_6_N001,Load Node,32.8598,-116.9
LOSCOCHS_6_N033,Load Node,32.8598,-116.9
LOSCOCHS_6_N034,Load Node,32.8598,-116.9
BELLPGE_1_N001,Load Node,38.9474,-121.09
BELLPGE_1_N005,Load Node,38.9474,-121.09
MISSION_2_N035,Generation Node,32.7842,-117.14
CARLTNHS_1_N001,Load Node,32.8549,-117.01
CARLTNHS_1_N004,Load Node,32.8549,-117.01
CARLTNHS_1_N011,Generation Node,32.8549,-117.01
CARLTNHS_1_N012,Generation Node,32.8549,-117.01
KIFER_1_B1,Generation Node,37.53,-121.77
JMSCNPMP_1_N001,Load Node,38.19,-122.47
GRNTHLL_1_N001,Load Node,32.8045,-116.92
VIERRA_1_N001,Load Node,37.85,-121.24
BURLNGME_1_N001,Load Node,37.5896,-122.36
APPLEHL_1_N004,Generation Node,38.7398,-120.68
APPLEHL_1_N001,Load Node,38.7398,-120.68
APPLEHL_1_N002,Load Node,38.7398,-120.68
SPICAMIN_1_N001,Load Node,38.7398,-120.68
MONTERO_6_N004,Load Node,38.4715,-123.01
MONTERO_6_N001,Load Node,38.4715,-123.01
CAROLNDS_6_N001,Load Node,37.5529,-122.38
CAROLNDS_6_N002,Load Node,37.5529,-122.38
OLEMA_6_N001,Load Node,38.0425,-122.79
NORTECH_1_N001,Load Node,37.46,-121.76
CPLECEF_1_N001,Load Node,37.26,-121.64
CPLECEF_1_N005,Load Node,37.26,-121.64
LECEFGT1_7_B1,Generation Node,37.25,-121.77
LIMESTNE_6_N001,Load Node,38.6338,-120.98
LIMESTNE_6_N005,Load Node,38.6338,-120.98
LIVERMRE_6_N001,Load Node,37.6801,-121.78
LIVERMRE_6_N003,Load Node,37.6801,-121.78
MABURY_1_N001,Load Node,37.3609,-121.86
HILLSDLE_6_N001,Load Node,37.5363,-122.32
NEWMAN_6_B2,Load Node,37.3154,-121.02
NEWMAN_6_N001,Load Node,37.3154,-121.02
TRINIDAD_6_N001,Load Node,41.0642,-124.13
IUKA_6_N001,Load Node,37.666,-121.83
PLACERVL_1_N001,Load Node,38.7302,-120.79
LAWRENCE_1_N001,Load Node,37.3972,-122.01
LAWRENCE_1_N003,Load Node,37.3972,-122.01
LAWRENCE_1_N004,Load Node,37.3972,-122.01
LAWRENCE_1_N006,Generation Node,37.3972,-122.01
DIXONLD_1_N001,Load Node,37.4578,-121.92
DIXONLD_1_N002,Load Node,37.4578,-121.92
DIXONLD_1_N008,Load Node,37.4578,-121.92
CATALYST_7_N001,Load Node,37.3365,-121.88
CATALYST_7_N002,Generation Node,37.3365,-121.88
VINEYARD_6_N001,Load Node,37.6696,-121.85
OROLOMA_6_N001,Load Node,36.8869,-120.66
PLCRVLB2_7_N001,Generation Node,38.7302,-120.79
PLCRVLB2_7_N002,Generation Node,38.7302,-120.79
BERESFRD_6_N001,Load Node,37.565,-122.32
BERESFRD_6_N002,Load Node,37.565,-122.32
CLAMMNA_1_N001,Load Node,37.8078,-121.28
COTATI_6_N102,Load Node,38.3097,-122.73
COTATI_6_N101,Load Node,38.3097,-122.73
LOCKHD1_1_N001,Load Node,37.4091,-122.03
RADUM_6_N004,Load Node,37.6726,-121.86
RADUM_6_N001,Load Node,37.6726,-121.86
URICH_6_N001,Load Node,38.0299,-122.1
VICTOR_6_N001,Load Node,38.1456,-121.18
VICTOR_6_N002,Load Node,38.1456,-121.18
NARROWS_6_N010,Load Node,33.1372,-116.29
BIGBASN_6_N001,Load Node,37.1295,-122.17
SPENCE_6_N001,Load Node,36.6136,-121.57
DMNDSPR_1_N001,Load Node,38.693,-120.83
DMNDSPR_1_N003,Load Node,38.693,-120.83
STCKTNAR_6_N001,Load Node,37.9633,-121.32
MILPITAS_1_N001,Load Node,37.4154,-121.89
MILPITAS_1_N003,Load Node,37.4154,-121.89
MILPITAS_1_N005,Load Node,37.4154,-121.89
MILPITAS_1_N006,Load Node,37.4154,-121.89
MILPITAS_1_N008,Generation Node,37.4154,-121.89
MOFTFLD_1_N002,Load Node,37.41,-122.04
SHNGLESR_1_N103,Load Node,38.6596,-120.95
SHNGLESR_1_N001,Load Node,38.6596,-120.95
SHNGLESR_1_N004,Load Node,38.6596,-120.95
NBRANCH_6_N001,Load Node,38.1998,-120.72
ASH_6_N001,Load Node,33.1365,-117.07
ASH_6_N005,Load Node,33.1365,-117.07
ASH_6_N101,Load Node,33.1365,-117.07
MRYSVLLE_6_N001,Load Node,39.1394,-121.58
MRYSVLLE_6_N003,Load Node,39.1394,-121.58
CORNING_6_N004,Load Node,39.932,-122.19
CORNING_6_N006,Load Node,39.932,-122.19
CORNING_6_N102,Load Node,39.932,-122.19
HARDING_6_N001,Load Node,37.9637,-121.29
HARDING_6_N004,Load Node,37.9637,-121.29
STAUFER_7_B1,Generation Node,38.0333,-122.12
SANMATO_6_N001,Load Node,37.5833,-122.32
PHILLIPS_1_N001,Load Node,37.34,-122.03
SONMALF_7_B1,Generation Node,38.2766,-122.46
MCKEE_1_N001,Load Node,37.3664,-121.84
MCKEE_1_N005,Load Node,37.3664,-121.84
MCKEE_1_N101,Load Node,37.3664,-121.84
WARENCYN_6_N001,Load Node,33.0155,-117
WARENCYN_6_N002,Load Node,33.0155,-117
TERMNOUS_6_N001,Load Node,38.1165,-121.42
NUMITAP_1_N003,Load Node,37.5,-122.04
HOLLISTR_1_N001,Load Node,36.8627,-121.41
HOLLISTR_1_N004,Load Node,36.8627,-121.41
HOLLISTR_1_N101,Load Node,36.8627,-121.41
ZANKER_1_N001,Load Node,37.47,-121.81
ZANKER_1_N003,Load Node,37.47,-121.81
OAKC12_7_N002,Load Node,37.7974,-122.28
OAKLND12_7_N001,Generation Node,37.7974,-122.28
CARTWRT_1_N001,Load Node,37.79,-122.25
CARTWRT_1_N010,Load Node,37.79,-122.25
METTLER_6_N001,Load Node,38.0781,-121.29
MPLECRK_6_N001,Load Node,40.7679,-123.87
TOCALOMA_6_N001,Load Node,38.0552,-122.76
OAKLND12_7_N101,Generation Node,37.7974,-122.28
OAKLAND_1_B1,Generation Node,37.8,-122.27
OAKLAND_1_N001,Load Node,37.7974,-122.28
OAKLAND_1_N006,Load Node,37.7974,-122.28
OAKLAND_1_N033,Load Node,37.7974,-122.28
OAKLND3_7_N001,Generation Node,37.7974,-122.28
SANMATEO_1_N001A,Load Node,33.4095,-117.59
SUNYSIDE_6_N001,Load Node,32.658,-117.03
AMESBS_1_N004,Load Node,37.4175,-122.07
AMESBS_1_N101,Load Node,37.4175,-122.07
AMESDST_1_N001,Load Node,37.4175,-122.07
FRANKLIN_6_N003,Load Node,38.0123,-122.26
STATIN-L_7_N001,Load Node,37.8102,-122.27
HAMILTON_6_N001,Load Node,39.7462,-122.01
BRUNSWCK_1_N101,Load Node,39.2311,-121.03
STATINL_1_N001,Load Node,37.8102,-122.27
CPESCNDO_7_A1,Generation Node,33.1255,-117.12
ESCNDIDO_6_N001,Load Node,33.1255,-117.12
ESCNDIDO_6_N046,Load Node,33.1255,-117.12
ESCNDIDO_6_N053,Load Node,33.1255,-117.12
POWAY_6_N001,Load Node,32.9787,-117.03
POWAY_6_N010,Load Node,32.9787,-117.03
BIGRIVR_6_N001,Load Node,39.3115,-123.79
LOYOLA_6_N001,Load Node,37.3607,-122.1
LOYOLA_6_N004,Load Node,37.3607,-122.1
SOUTHBAY_1_B1,Generation Node,32.62,-117.08
AMFORST_6_N001,Load Node,38.3692,-120.8
STATINX_1_N001,Load Node,37.8055,-122.23
STATINX_1_N012,Load Node,37.8055,-122.23
STATINX_1_N014,Load Node,37.8055,-122.23
STATINX_1_N024,Load Node,37.8055,-122.23
CHCARITA_1_N001,Load Node,32.96,-117.09
CHCARITA_1_N004,Load Node,32.96,-117.09
CHCARITA_1_N012,Generation Node,32.96,-117.09
CHCARITA_1_N008,Load Node,32.96,-117.09
MSHR60V_6_N001,Load Node,38.0215,-121.28
MSHR60V_6_N006,Load Node,38.0215,-121.28
CLRKSVLE_1_N001,Load Node,38.6555,-121.06
CLRKSVLE_1_N003,Load Node,38.6555,-121.06
CLRKSVLE_1_N010,Generation Node,38.6555,-121.06
CLRKSVLE_1_N004,Load Node,38.6555,-121.06
WESTLANE_6_N001,Load Node,37.9907,-121.28
ESCNDIDO_2_B1,Generation Node,33.13,-117.12
STONE_1_N001,Load Node,37.3037,-121.87
STONE_1_N005,Load Node,37.3037,-121.87
FREMNT_1_N001,Load Node,37.5411,-121.96
FREMNT_1_N007,Load Node,37.5411,-121.96
FREMNT_1_N013,Load Node,37.5411,-121.96
NRTHTWR_1_N001,Load Node,38.066,-122.2
NRTHTWR_1_N002,Load Node,38.066,-122.2
NRTHTWR_1_N004,Load Node,38.066,-122.2
WATRSHED_6_N001,Load Node,37.4878,-122.31
DELMAR_6_N001A,Load Node,38.7988,-121.22
DELMAR_6_N005,Load Node,38.7988,-121.22
HORSESHE_1_N001,Load Node,38.7443,-121.16
HORSESHE_1_N002,Load Node,38.7443,-121.16
MARTELL_6_N001,Load Node,38.3692,-120.8
MARTINEZ_1_N001,Load Node,38.02,-122.16
ALLEGHNY_6_N001,Load Node,39.4649,-120.84
ENICOLS_6_N001,Load Node,38.9098,-121.54
ROCKLIN_6_N001,Load Node,38.788,-121.23
ROCKLIN_6_N003,Load Node,38.788,-121.23
LYOTH-SP_6_N001,Load Node,37.7219,-121.39
BNAVSTA_6_N001,Load Node,36.6533,-121.63
BNAVSTA_6_N002,Load Node,36.6533,-121.63
BNAVSTA_6_N003,Load Node,36.6533,-121.63
CORRAL_6_N001,Load Node,38.1015,-120.93
CORRAL_6_N003,Load Node,38.1015,-120.93
CLSAJCT_6_N001,Load Node,39.1909,-121.99
BANTA_6_N001,Load Node,37.7529,-121.35
HIGGINS_1_N001,Load Node,39.0435,-121.09
HIGGINS_1_N002,Load Node,39.0435,-121.09
HIGGINS_1_N004,Load Node,39.0435,-121.09
HIGGINS_1_N007,Generation Node,39.0435,-121.09
STATIND_1_N001,Load Node,37.8375,-122.26
STATIND_1_N010,Load Node,37.8375,-122.26
STATIND_1_N013,Load Node,37.8375,-122.26
NEWARKD_1_B2,Generation Node,37.5,-121.96
NEWARKD_1_N001,Load Node,37.5004,-121.99
NEWARKD_1_N012,Load Node,37.5004,-121.99
NEWARKD_1_N126,Generation Node,37.5004,-121.99
CPESCNDO_7_B1,Generation Node,33.1255,-117.12
CARBONA_6_N003,Load Node,37.6922,-121.42
CARBONA_6_N101,Load Node,37.6922,-121.42
ESCO_6_N001,Load Node,33.1157,-117.09
ESCO_6_N004,Load Node,33.1157,-117.09
EVRGREEN_1_N001,Load Node,37.3033,-121.84
EVRGREEN_1_N019,Load Node,37.3033,-121.84
MANDLY3G_7_B1,Generation Node,34.2074,-119.25
MANDLY3G_7_N001,Load Node,34.2074,-119.25
WILLAMET_7_B1,Generation Node,34.3009,-119.19
SCLARA_6_N008,Generation Node,34.3009,-119.19
SCLARA_6_N001,Load Node,34.3009,-119.19
SHLLCHM_6_N001,Load Node,38.0316,-121.95
PROCGEN_7_B1,Generation Node,34.3009,-119.19
OXGEN_7_B1,Generation Node,34.3009,-119.19
MANDLY1G_7_B1,Generation Node,34.2074,-119.25
MANDLY1G_7_N002,Load Node,34.2074,-119.25
MANDLY2G_7_B1,Generation Node,34.2074,-119.25
MANDLY2G_7_N002,Load Node,34.2074,-119.25
SCLARA_2_B1,Generation Node,34.3,-119.19
HARTER_6_N001,Load Node,39.1433,-121.65
HARTER_6_N003,Load Node,39.1433,-121.65
SWIFT_1_N003,Load Node,37.3225,-121.8
SWIFT_1_N006,Load Node,37.3225,-121.8
SWIFT_1_N001,Load Node,37.3225,-121.8
TESSUB_2_N001,Load Node,37.73,-121.93
GRNVALY_1_N011,Load Node,36.9521,-121.76
EMRLDLE_6_N001,Load Node,37.4622,-122.28
GRNVALY_1_N001,Load Node,36.9521,-121.76
GRNVALY_1_N025,Generation Node,36.9521,-121.76
NWKDIST_2_N001,Load Node,37.48,-121.98
NWKDIST_2_N004,Load Node,37.48,-121.98
PNTARNA_6_N001,Load Node,38.9126,-123.68
GARCIA_6_N001,Load Node,38.8888,-123.55
BOLINAS_6_N001,Load Node,37.9411,-122.71
GILROYF_1_B1,Generation Node,37.14,-121.58
GILROYF_1_N001,Load Node,37.14,-121.58
GLRYCGG1_7_B2,Generation Node,37.13,-121.56
GLRYCGG1_7_N001,Load Node,37.13,-121.56
LLAGAS_1_N001,Load Node,37.0069,-121.56
LLAGAS_1_N003,Load Node,37.0069,-121.56
LLAGAS_1_N005,Load Node,37.0069,-121.56
CRCANAL_6_N001,Load Node,40.1384,-122.21
MTVIEW_1_N005,Load Node,34.0792,-117.24
MTVIEW_1_N001,Load Node,34.0792,-117.24
MTVIEW_1_N004,Load Node,34.0792,-117.24
CLARMNT_1_N001,Load Node,32.8259,-117.18
CLARMNT_1_N028,Generation Node,32.8259,-117.18
WHISMAN_1_N001,Load Node,37.4049,-122.07
WHISMAN_1_N004,Load Node,37.4049,-122.07
WHISMAN_1_N009,Load Node,37.4049,-122.07
DFS_1_N001,Load Node,36.72,-120.6
OLIVHRST_1_N001,Load Node,39.0919,-121.54
OLIVHRST_1_N002,Load Node,39.0919,-121.54
OLEUM_1_B1,Generation Node,38.04,-122.25
STKTONA_6_N001,Load Node,37.9471,-121.29
STKTONA_6_N004,Load Node,37.9471,-121.29
POMERADO_6_N001,Load Node,32.9414,-117.03
POMERADO_6_N004,Load Node,32.9414,-117.03
POMERADO_6_N008,Load Node,32.9414,-117.03
PERMNNTE_6_N002,Load Node,34.3558,-116.86
GOALLINE_6_N001,Generation Node,33.1157,-117.09
RIOOSO_1_N033,Generation Node,38.9364,-121.47
SLAC_2_N005,Generation Node,37.42,-122.2
SLA_2_N001,Load Node,37.42,-122.2
SLA_2_N004,Load Node,37.42,-122.2
TYLER_6_N001,Load Node,40.1384,-122.21
TYLER_6_N002,Load Node,40.1384,-122.21
GERBER_6_N101,Load Node,40.0642,-122.16
ELK_6_N001,Load Node,39.1295,-123.71
RICHMOND_1_N001,Load Node,37.9259,-122.37
RICHMOND_1_N004,Generation Node,37.9259,-122.37
DUNBAR_6_N001,Load Node,38.3832,-122.53
DUNBAR_6_N002,Load Node,38.3832,-122.53
RAWSON_6_N002,Load Node,40.1453,-122.21
RAWSON_6_N001,Load Node,40.1453,-122.21
NEORBLF_7_B1,Generation Node,40.1827,-122.24
WHITMORE_6_N001,Load Node,40.6288,-121.92
VALLYVW_1_N001,Load Node,37.9661,-122.28
VALLYVW_1_N003,Load Node,37.9661,-122.28
IMHOFF_1_N001,Load Node,38.0015,-122.07
NEWARK_2_B1,Generation Node,37.51,-121.95
NEWARK_2_B2,Generation Node,37.51,-121.95
WHEATLND_6_N001,Load Node,39.0131,-121.42
STAFFORD_6_N002,Load Node,38.12,-122.61
STAFFORD_6_N101,Load Node,38.12,-122.61
DUMBARTN_1_N001,Load Node,37.5571,-122.06
DUMBARTN_1_N003,Load Node,37.5571,-122.06
DUMBARTN_1_N011,Load Node,37.5571,-122.06
STELLING_1_N001,Load Node,37.336,-122.04
STELLING_1_N004,Load Node,37.336,-122.04
STELLING_1_N007,Load Node,37.336,-122.04
WOLFE_1_N001,Load Node,37.3351,-122.02
WOLFE_1_N002,Load Node,37.3351,-122.02
WOLFE_1_N007,Load Node,37.3351,-122.02
CRWSLDG_6_N001,Load Node,37.3773,-121.09
WEBER_6_N001,Load Node,37.9198,-121.24
ARCATA_6_N001,Load Node,40.8671,-124.09
CRESTWD_6_N001,Load Node,32.699,-116.35
CHALLNGE_6_N001,Load Node,39.4854,-121.22
VIEJOSC_2_N001,Load Node,36.5787,-121.91
VIEJOSC_2_N004,Load Node,36.5787,-121.91
HAMMER_6_N004,Load Node,38.0213,-121.32
HAMMER_6_N003,Load Node,38.0213,-121.32
HAMMER_6_N001,Load Node,38.0213,-121.32
MRGNHIL_1_N007,Load Node,37.1274,-121.66
MRGNHIL_1_N001,Load Node,37.1274,-121.66
MRGNHIL_1_N004,Load Node,37.1274,-121.66
KUMEYAAY_7_N001,Generation Node,32.699,-116.35
BOLLMAN_1_N003,Load Node,38.04,-121.98
PITTSBRG_6_N101,Load Node,38.0308,-121.87
TRACY_1_N001,Load Node,37.7484,-121.42
TRACY_1_N002,Load Node,37.7484,-121.42
TRACY_1_N007,Load Node,37.7484,-121.42
TRACY_1_N101,Load Node,37.7484,-121.42
VIEJO_6_N001,Load Node,36.5787,-121.91
VIEJO_6_N003,Load Node,36.5787,-121.91
GOLDHILL_1_N033,Generation Node,38.6584,-121.14
PIKECTY_6_N001,Load Node,39.4387,-121
JANSCRK_6_N003,Load Node,40.9053,-124.07
JANSCRK_6_N001,Load Node,40.9053,-124.07
CASTROVL_2_N001,Load Node,37.6913,-122.06
CASTROVL_2_N003,Load Node,37.6913,-122.06
CASTROVL_2_N006,Load Node,36.7627,-121.74
BORONDA_6_N001,Load Node,36.69,-121.68
BELLOTA_2_B1,Generation Node,38.02,-121.01
OIGLASS_1_N001,Load Node,37.75,-121.31
ELCRRTO_1_N001,Load Node,37.9162,-122.3
ELCRRTO_1_N023,Load Node,37.9162,-122.3
LEPRINO_1_N001,Load Node,37.7484,-121.42
LPFLKBD_6_N001,Load Node,40.9053,-124.07
STDOIL_1_N009,Load Node,37.94,-122.38
CHEVGEN1_7_B1,Generation Node,37.93,-122.38
CHEVGEN2_7_B1,Generation Node,37.95,-122.4
ANITA_6_N001,Load Node,39.811,-121.92
COLLRVL1_7_B1,Generation Node,38.14,-120.4
COLLRVL2_7_B1,Generation Node,38.15,-120.39
TELECYN_1_N001,Load Node,32.6379,-117.02
TELECYN_1_N006,Load Node,32.6379,-117.02
TELECYN_1_N014,Load Node,32.6379,-117.02
PIERCY_1_N201,Load Node,37.28,-121.83
SANPBLO_1_N001,Load Node,37.9848,-122.34
RALSTON_2_B1,Generation Node,39,-120.72
WINTERS_6_N001,Load Node,38.5177,-121.95
VINA_6_N001,Load Node,39.9416,-122.04
PETLMAC_6_N002,Load Node,38.239,-122.64
PETLMAC_6_N003,Load Node,38.239,-122.64
PETLMAC_6_N004,Load Node,38.239,-122.64
PPSTLTAP_1_N001,Load Node,38.02,-122.37
PPSTLTAP_1_N104,Load Node,38.02,-122.37
MORAGA_1_N001,Load Node,37.848,-122.16
MIDLFORK_2_B1,Generation Node,39.02,-120.6
WEBER_2_B1,Load Node,37.9198,-121.24
GRANT_1_N001,Load Node,37.6709,-122.16
GRANT_1_N005,Load Node,37.6709,-122.16
RALSTON_7_B1,Generation Node,39,-120.71
SUISUN_1_N001,Load Node,38.2452,-122.04
SUISUN_1_N008,Load Node,38.2452,-122.04
SUISUN_1_N009,Load Node,38.2452,-122.04
SUISUN_1_N010,Generation Node,38.2452,-122.04
VINEYARD_2_N001,Load Node,37.6696,-121.85
VINEYARD_2_N002,Load Node,37.6696,-121.85
INYO_2_N101,Generation Node,35.6526,-117.79
ESTPRTL_1_N001,Load Node,37.8767,-122.19
MIDLFORK_7_B1,Generation Node,39.03,-120.61
MIDLFORK_7_B3,Generation Node,39.03,-120.61
JAMESON_1_N001,Load Node,38.2057,-122.15
SCHMLBCH_1_N001,Load Node,38.3,-121.87
SEAWEST_6_N001,Generation Node,37.7479,-121.67
BRUNSWCK_1_N003,Load Node,39.2311,-121.03
BRUNSWCK_1_N008,Load Node,39.2311,-121.03
GLEAFTP_1_B1,Generation Node,38.94,-121.51
HATTON_6_N001,Load Node,36.5568,-121.9
CANAL_6_N006,Load Node,37.0664,-120.84
CHANNEL_6_N001,Load Node,37.9553,-121.33
EMRYSVE_1_N001,Load Node,39.1634,-121.56
EMRYSVE_1_N003,Load Node,39.1634,-121.56
INGRMC_1_N001,Load Node,37.83,-121.17
PEASE_1_N001,Load Node,39.1701,-121.66
PEASE_1_N008,Load Node,39.1701,-121.66
PEASE_1_N009,Load Node,39.1701,-121.66
FREC_7_B1,Generation Node,39.0961,-121.62
BOGUE_1_N001,Load Node,39.0961,-121.62
BOGUE_1_N201,Load Node,39.0961,-121.62
SALINAS_1_N001,Load Node,36.6832,-121.65
SALINAS_1_N033,Generation Node,36.68,-121.67
SALINAS_1_N024,Load Node,36.6832,-121.65
VASCJCT_6_B1,Generation Node,37.75,-121.71
VASCO_6_N001,Load Node,37.7113,-121.72
VASCO_6_N003,Load Node,37.7113,-121.72
ROGH-RDY_6_N001,Load Node,37.9553,-121.33
SANRAMON_2_N001,Load Node,37.745,-121.94
SANRAMON_2_N023,Load Node,37.745,-121.94
SANRAMON_2_N025,Generation Node,37.745,-121.94
SANRAMON_2_N004,Load Node,37.745,-121.94
SANRAMON_2_N024,Load Node,37.745,-121.94
ENCINAL_6_N001,Load Node,39.2474,-121.64
WOHLER_6_N001,Load Node,38.512,-122.88
MONTEREY_6_N001,Load Node,36.5999,-121.89
EUREKAA_6_N001,Load Node,40.7939,-124.18
LSPSTAS_2_N001,Load Node,37.7009,-121.73
LSPSTAS_2_N002,Load Node,37.7009,-121.73
LSPSTAS_2_N010,Load Node,37.7009,-121.73
LSPSTAS_2_N011,Load Node,37.7009,-121.73
WOODACRE_6_N001,Load Node,38.0121,-122.65
WILLIAMS_6_N001,Load Node,39.1576,-122.15
WILLIAMS_6_N002,Load Node,39.1576,-122.15
LAKEWOOD_1_N009,Load Node,37.9089,-122.06
LAKEWOOD_1_N001,Load Node,37.9089,-122.06
LAKEWOOD_1_N003,Load Node,37.9089,-122.06
LAKEWOOD_1_N004,Load Node,37.9089,-122.06
LAKEWOOD_1_N007,Load Node,37.9089,-122.06
LAKEWOOD_1_N006,Load Node,37.9089,-122.06
TASSAJAR_2_N001,Load Node,37.7996,-121.91
TASSAJAR_2_N002,Load Node,37.7996,-121.91
ANTIOCH_6_N001,Load Node,38.0135,-121.82
HARRIS_6_N001,Load Node,40.781,-124.13
HARRIS_6_N003,Load Node,40.781,-124.13
ELECTRA_2_B1,Generation Node,38.33,-120.66
SARATOGA_2_N001,Load Node,37.2809,-122.01
SARATOGA_2_N006,Load Node,37.2809,-122.01
SARATOGA_2_N011,Load Node,37.2809,-122.01
PRCTRVLY_1_N001,Load Node,32.665,-116.99
PRCTRVLY_1_N010,Load Node,32.665,-116.99
CNTRYCB_6_N002,Load Node,37.9796,-121.32
CNTRYCB_6_N001,Load Node,37.9796,-121.32
CNTRYCB_6_N004,Load Node,37.9796,-121.32
CNTRYCB_6_N006,Load Node,37.9796,-121.32
EUREKA_6_N001,Load Node,40.7939,-124.18
FORTORD_6_N001,Load Node,36.6434,-121.79
ROSSMOOR_2_N001,Load Node,37.8647,-122.08
ROSSMOOR_2_N101,Load Node,37.8647,-122.08
USWP-WKR_6_B2,Generation Node,37.81,-121.61
EBMUDGRY_1_N001,Load Node,37.93,-122.04
HAMMONDS_1_N001,Load Node,36.7201,-120.6
SAFEWAY_1_N001,Load Node,37.71,-121.4
SNTAYNZ_1_N001,Load Node,34.6253,-120.12
SNTAYNZ_1_N002,Load Node,34.6253,-120.12
PUEBLOPG_1_N010,Load Node,38.3453,-122.3
PUEBLOPG_1_N001,Load Node,38.3453,-122.3
BLUELKE_6_N001,Load Node,40.8801,-123.98
NVYSCHL_6_N001,Load Node,36.5991,-121.88
VASONA_2_N001,Load Node,37.26,-121.9
MTEDEN_1_N009,Load Node,37.6326,-122.1
MTEDEN_1_N005,Load Node,37.6326,-122.1
MTEDEN_1_N001,Load Node,37.6326,-122.1
MEDWLNE_1_N001,Load Node,37.9631,-122.05
MEDWLNE_1_N002,Load Node,37.9631,-122.05
MEDWLNE_1_N006,Load Node,37.9631,-122.05
TIGRCRK_2_B1,Generation Node,38.45,-120.47
CLAY_6_N001,Load Node,38.3424,-120.93
HILLSIDE_1_N004,Load Node,37.88,-122.24
HILLSIDE_1_N001,Load Node,37.88,-122.24
WILLOWS_6_N001,Load Node,39.5318,-122.19
ALHAMBRA_1_N001,Load Node,37.9941,-122.13
ALHAMBRA_1_N002,Load Node,37.9941,-122.13
DOBBINS_6_N001,Load Node,39.3396,-121.2
HOMEGRND_1_N001,Load Node,38.96,-122.84
RNCHSECO_2_N108,Generation Node,38.45,-121.3
RNCHSECO_2_N107,Generation Node,38.34,-121.12
RNCHSECO_2_N109,Generation Node,38.4,-121.22
RNCHSECO_2_N110,Generation Node,38.34,-121.11
BUELLTON_1_N003,Load Node,34.6253,-120.19
BUELLTON_1_N001,Load Node,34.6253,-120.19
CLMBAHL_6_N001,Load Node,39.3319,-121.1
MOORPARK_6_N005,Generation Node,34.2825,-118.9
MOORPARK_6_N007,Generation Node,34.2825,-118.9
MOORPARK_6_N001,Load Node,34.2825,-118.9
MOORPARK_6_N006,Generation Node,34.2825,-118.9
HOMEPROC_1_N001,Load Node,38.94,-122.85
HUMBOLDT_1_B1,Generation Node,40.77,-124.07
NDUBLIN_2_N002,Load Node,37.86,-121.88
LUIS#3_1_N001,Load Node,36.65,-120.73
STAGG_6_N001,Load Node,37.9916,-121.35
STAGG_6_N003,Load Node,37.9916,-121.35
HMBLDTB_1_N08,Generation Node,40.7828,-124.11
STIGCC_7_B1,Generation Node,38.09,-121.37
ORMOND2G_7_B1,Generation Node,34.1316,-119.14
ORMOND1G_7_B1,Generation Node,34.1316,-119.14
MOORPARK_2_B1,Generation Node,34.28,-118.9
BRWNSVY_6_N001,Load Node,39.2262,-121.42
LUIS#5_1_N001,Load Node,36.72,-120.75
EIGHTMI_2_N017,Load Node,38.0581,-121.38
RICHMOND_1_B1,Load Node,37.9259,-122.37
SOBRANTE_1_N001,Load Node,37.9059,-122.21
STONYPT_1_N001,Load Node,38.42,-122.78
HICKS_2_N001,Load Node,37.2341,-121.9
HICKS_2_N002,Load Node,37.2341,-121.9
HICKS_2_N007,Load Node,37.2341,-121.9
HICKS_2_N012,Generation Node,37.2341,-121.9
CAMBRIA_6_N001,Load Node,35.6002,-121.12
DIXON-J1_6_N101,Load Node,38.4454,-121.83
DIXON_6_B1,Load Node,38.4454,-121.83
DIXON_6_N002,Load Node,38.4454,-121.83
WPBART_1_N004,Load Node,38.02,-121.98
WPBART_1_N001,Load Node,38.02,-121.98
STAGG_2_N001,Load Node,37.9916,-121.35
STAGG_2_N014,Load Node,37.9916,-121.35
STAGG_2_N015,Generation Node,37.9916,-121.35
PETLMAA_6_N001,Load Node,38.234,-122.64
ORLANDB_6_N001,Load Node,39.7251,-122.18
ORLANDB_6_N003,Load Node,39.7251,-122.18
CORDELIA_6_N001,Load Node,38.2161,-122.11
FTCHMTN_6_N001,Load Node,38.6061,-122.85
FTCHMTN_6_N003,Load Node,38.6061,-122.85
NAPA_6_N003,Generation Node,38.2954,-122.28
ACTONSC_6_N001,Load Node,45.6358,-121.94
OXFORD_1_N001,Load Node,36.7,-120.68
SANRAFL_1_N006,Load Node,37.9708,-122.53
SANRAFL_1_N007,Load Node,37.9708,-122.53
SANRAFL_1_N001,Load Node,37.9708,-122.53
GYSRVLLE_6_N003,Load Node,38.7098,-122.91
GYSRVLLE_6_N005,Generation Node,38.7098,-122.91
GYSRVLLE_6_N001,Load Node,38.7098,-122.91
BELLVUE_1_N005,Load Node,38.379,-122.71
BELLVUE_1_N001,Load Node,38.379,-122.71
BELLVUE_1_N003,Load Node,38.379,-122.71
WSTLD1RA_1_N001,Load Node,36.72,-120.72
CRESTA_2_B1,Generation Node,39.96,-121.28
EXXONBH_7_N001,Load Node,38.0809,-122.14
EXXONBH_7_B2,Generation Node,38.0809,-122.14
DIRYVLLE_6_N001,Load Node,40.128,-122.1
BAHIA_2_N001,Load Node,38.0809,-122.14
BAHIA_2_N011,Load Node,38.0809,-122.14
BAHIA_2_N018,Generation Node,38.0809,-122.14
CONTROLX_1_N002,Generation Node,37.3428,-118.47
CONTROLX_1_N001,Load Node,37.3428,-118.47
CONTROLX_1_N005,Generation Node,37.3428,-118.47
CONTROLX_1_N003,Generation Node,37.3428,-118.47
CONTROLX_1_N004,Generation Node,37.3428,-118.47
BCKSCRK_2_B1,Generation Node,39.9,-121.31
BANGOR_6_N001,Load Node,39.3881,-121.4
ROCKCRK_2_B1,Generation Node,39.91,-121.35
HIGHLD_1_N006,Generation Node,38.9374,-122.61
HIGHLD_1_N004,Generation Node,38.9374,-122.61
HIGHLD_1_N001,Load Node,38.9374,-122.61
HIGHLD_1_N005,Load Node,38.9374,-122.61
SLVRPS2_7_N001,Generation Node,37.755,-1.20E-13
CONTROL_7_N001,Load Node,37.3428,-118.47
CONTROL_1_N034,Generation Node,37.3428,-118.47
BSPHYD26_7_N001,Generation Node,37.3362,-118.52
CONTROL_1_B1,Generation Node,37.34,-118.47
DELMNTE_1_N010,Load Node,36.5991,-121.85
DELMNTE_1_N201,Load Node,36.5991,-121.85
BSPHYD34_1_N001,Generation Node,37.3084,-118.54
EDENVALE_1_N001,Load Node,37.2449,-121.8
EDENVALE_1_N006,Load Node,37.2449,-121.8
EDENVALE_1_N004,Load Node,37.2449,-121.8
EDENVALE_1_N008,Load Node,37.2449,-121.8
IBM-CTLE_1_N001,Load Node,37.33,-121.74
IBM-CTLE_1_N002,Generation Node,37.33,-121.74
POE_2_B1,Generation Node,39.68,-121.49
POE1_7_B1,Generation Node,39.67,-121.48
POE2_7_B1,Generation Node,39.69,-121.5
MADISON_1_N002,Load Node,38.6707,-121.97
MADISON_1_N201,Load Node,38.6707,-121.97
PERRY_6_N001,Load Node,35.5708,-121.06
USWP-JRW_2_N001,Generation Node,37.71,-121.86
IENERGY_7_B1,Generation Node,33.9244,-116.57
MOLINO_6_N002,Load Node,38.4253,-122.83
MOLINO_6_N101,Load Node,38.4253,-122.83
LSGLLNS_1_N003,Load Node,38.0223,-122.54
LSGLLNS_1_N001,Load Node,38.0223,-122.54
LSGLLNS_1_N002,Load Node,38.0223,-122.54
SLTSPRG_1_B1,Generation Node,38.5,-120.21
LAKE_2_N028,Generation Node,38.63,-121.14
LAKE_2_N027,Generation Node,38.63,-121.14
LAKE_2_N032,Generation Node,38.63,-121.14
LAKE_2_N024,Generation Node,38.63,-121.14
LAKE_2_N023,Generation Node,38.63,-121.14
LAKE_2_N025,Generation Node,38.63,-121.14
LAKE_2_N026,Generation Node,38.63,-121.14
LAKE_2_N029,Generation Node,38.63,-121.14
LAKE_2_N030,Generation Node,38.63,-121.14
LAKE_2_N031,Generation Node,38.63,-121.14
LAKE_2_N033,Generation Node,38.63,-121.14
LAKE_2_N034,Generation Node,38.63,-121.14
LAKE_2_N035,Generation Node,38.63,-121.14
LAKE_2_N403,Generation Node,38.1,-121.35
LAKE_2_N404,Generation Node,37.98,-121.31
IBM-HRRS_1_N001,Load Node,37.34,-121.74
IBM-HRRS_1_N101,Load Node,37.34,-121.74
PENNGRVE_1_N001,Load Node,38.3155,-122.68
MILLER_1_N001,Load Node,37.81,-121.1
CORDELIA_1_N001,Load Node,38.2161,-122.11
SMRTVLTP_6_N101,Load Node,39.2079,-121.3
NRRWS2TP_6_B1,Generation Node,39.22,-121.28
ROCKCK2_7_B1,Generation Node,39.92,-121.35
CHENY_1_N001,Load Node,36.6328,-120.53
CHCGOPK_1_B1,Generation Node,38.96,-120.9
BAILYJ1_1_N010,Load Node,34.776,-118.78
BASALT_6_N101,Load Node,38.2633,-122.27
BASALT_6_N002,Load Node,38.2633,-122.27
PANOCHE_1_B1,Generation Node,36.65,-120.58
ZACA_1_N001,Load Node,34.6968,-120.15
OROVILLE_6_N001,Load Node,39.5053,-121.56
OROVILLE_6_N102,Load Node,39.5053,-121.56
OROVILLE_6_N005,Load Node,39.5053,-121.56
NARROWS1_7_N001,Load Node,33.1372,-116.29
NARROWS1_7_B1,Generation Node,33.1372,-116.29
METCALF_1_N018,Load Node,37.2244,-121.74
METCALF_1_N044,Generation Node,37.2244,-121.74
MIRABEL_6_N001,Load Node,38.4894,-122.89
SALADO_1_N001,Load Node,37.422,-121.15
PHILO_6_N001,Load Node,39.0637,-123.44
NEWBURG_6_N001,Load Node,40.5946,-124.14
NEWBURG_6_N003,Load Node,40.5946,-124.14
SNTARSA_1_N006,Load Node,38.4369,-122.71
SNTARSA_1_N001,Load Node,38.4369,-122.71
SNTARSA_1_N002,Load Node,38.4369,-122.71
EELRIVR_6_N001,Load Node,40.6027,-124.21
BELDEN_7_B1,Generation Node,40,-121.23
BRDGVLLE_1_B1,Generation Node,40.48,-123.78
COLGATE_2_B1,Generation Node,39.33,-121.19
NOVATO_6_N002,Load Node,38.1086,-122.57
NOVATO_6_N001,Load Node,38.1086,-122.57
MAINE-PR_6_N001,Load Node,38.3858,-121.78
BATAVIA_6_N001,Load Node,38.3858,-121.78
PEACHTON_6_N004,Load Node,39.3785,-121.69
PEACHTON_6_N001,Load Node,39.3785,-121.69
PARKWAY_2_N001,Load Node,38.17,-122.25
SAUGUS_6_N001,Load Node,34.4222,-118.57
SAUGUS_6_N009,Generation Node,34.4222,-118.57
SAUGUS_6_N008,Generation Node,34.4222,-118.57
SAUGUS_6_N012,Generation Node,34.42,-118.57
SAUGUS_6_N010,Generation Node,34.4222,-118.57
COLGATE2_7_B1,Generation Node,39.34,-121.19
PITCHGEN_7_B1,Generation Node,34.4222,-118.57
COLGATE1_7_B1,Generation Node,39.32,-121.18
PRAXAIR_1_B1,Load Node,38,-121.81
ROCKCK1_7_B1,Generation Node,39.91,-121.37
DTCHFL1_1_B1,Generation Node,39.2,-120.84
CORONA_1_N001,Load Node,32.6988,-117.17
SYLMARLA_2_N501,Generation Node,34.45,-118.6
SYLMARS_2_B1,Generation Node,34.35,-118.47
SYLMARS_2_N101,Generation Node,34.34,-118.5
OROENGY_7_B1,Generation Node,39.5053,-121.56
SYLMARDC_2_N501,Generation Node,34.4,-118.55
PRUNEDLE_1_N001,Load Node,36.7855,-121.67
PRUNEDLE_1_N004,Generation Node,36.7855,-121.67
PRUNEDLE_1_N002,Load Node,36.7855,-121.67
MAGUNDEN_2_B1,Generation Node,35.36,-118.92
FAIRHAVN_6_N001,Load Node,40.8003,-124.2
PEARBLSM_2_N020,Generation Node,34.5089,-117.92
PEARBMDP_7_B1,Load Node,34.5089,-117.92
PEARBMAP_7_B1,Load Node,34.5089,-117.92
PEARBMAP_7_B3,Load Node,34.5089,-117.92
PEARBMAP_7_B4,Load Node,34.5089,-117.92
PEARBMBP_7_B1,Load Node,34.5089,-117.92
PEARBMBP_7_B3,Load Node,34.5089,-117.92
PEARBMBP_7_B4,Load Node,34.5089,-117.92
PEARBMCP_7_B1,Load Node,34.5089,-117.92
PEARBMCP_7_B3,Load Node,34.5089,-117.92
CLAYTN_1_N004,Load Node,37.9438,-121.97
CLAYTN_1_N030,Load Node,38.3424,-120.93
CLAYTN_1_N029,Load Node,38.3424,-120.93
CLAYTN_1_N001,Load Node,38.3424,-120.93
AEC300_1_N001,Load Node,37.74,-121.48
TEICHERT_1_N001,Load Node,37.79,-121.36
VINCENT_2_N100,Generation Node,34.4882,-118.12
VINCENT_2_N101,Generation Node,34.4882,-118.12
CABRILLO_1_N001,Load Node,32.7074,-117.25
BRDGVLT_7_N002,Generation Node,40.4796,-123.78
BRDGVLT_7_N001,Load Node,40.4796,-123.78
IGNACIO_1_N102,Load Node,38.0756,-122.54
IGNACIO_1_N028,Generation Node,38.0756,-122.54
FOSTERW_7_N001,Load Node,38.02,-122.06
FOSTERW_7_N004,Generation Node,38.02,-122.06
TIDEWATR_2_N014,Load Node,38.02,-122.06
TIDEWATR_2_N001,Load Node,38.02,-122.06
NARROWS2_7_B1,Generation Node,33.1372,-116.29
ROSEVILL_2_N001,Generation Node,38.34,-121.19
FOLSOM_2_N001,Generation Node,38.65,-121.15
MECSTG3_7_B1,Generation Node,37.24,-121.77
MECCTG1_7_B1,Generation Node,37.24,-121.78
MECCTG1_7_N100,Load Node,37.24,-121.78
MECCTG2_7_B2,Generation Node,37.24,-121.78
MECCTG2_7_N100,Load Node,37.24,-121.78
SURF_1_N009,Load Node,34.61,-120.22
LMPC-CTY_1_N001,Load Node,34.6,-120.39
MONROE_1_N002,Load Node,38.4532,-122.74
MONROE_1_N101,Load Node,38.4532,-122.74
HONCUT_1_N001,Load Node,39.3201,-121.6
MONROE_1_N001,Load Node,38.4532,-122.74
FIBRBJCT_1_B1,Generation Node,38.11,-121.68
DOMTAR_1_N001,Load Node,38.13,-121.65
CCJCT1_1_B1,Generation Node,38.01,-121.78
CCSUB_1_N001,Load Node,38.03,-121.75
BRENTWOD_2_N006,Load Node,37.9195,-121.68
BRENTWOD_2_N011,Load Node,37.9195,-121.68
BRENTWOD_2_N001,Load Node,37.9195,-121.68
MANVILLE_1_N001,Load Node,34.53,-120.43
KAMM_1_N001,Load Node,36.58,-120.52
CROCKTAP_2_B1,Generation Node,37.9,-122.56
CCOS7_7_B1,Generation Node,37.9987,-121.78
CCOSTA_2_B1,Generation Node,38,-121.76
CCOSTA_2_N001,Load Node,37.9987,-121.78
CCOS6_7_B1,Generation Node,37.9987,-121.78
CCSUB_2_N001,Load Node,38.02,-121.76
CCSUB_2_N010,Load Node,38.02,-121.76
DELTAPMP_2_N008,Generation Node,37.86,-121.51
WNDMSTR_2_N001,Generation Node,37.95,-121.71
SNTANLA_6_N001,Load Node,37.086,-121.01
PTSB6_7_B2,Generation Node,38.0308,-121.87
PITSBRG_2_B1,Generation Node,37.89,-121.88
PTSB5_7_B2,Generation Node,38.0308,-121.87
PTS7SWNG_7_B2,Generation Node,38.0308,-121.87
PURISIMA_1_N001,Load Node,34.7006,-120.44
OBANION_2_N025,Generation Node,39,-121.65
ADCC_2_N001,Generation Node,37.61,-121.81
SUTTER3_7_ND001,Load Node,39.5,-121.92
SUTTER1_7_B1,Generation Node,39.5,-121.93
SUTTER2_7_B1,Generation Node,39.51,-121.93
SUTTER2_7_ND001,Load Node,39.51,-121.93
TULUCAY_6_N001,Load Node,38.2479,-122.27
SUTTER3_7_B1,Generation Node,39.5,-121.92
SUTTER1_7_ND001,Load Node,39.5,-121.93
DSAMIGO_2_N011,Generation Node,36.94,-120.83
LOWGAP_7_N001,Load Node,40.4327,-123.47
LOWGAP_7_N002,Generation Node,40.4327,-123.47
DECPTSG_2_N018,Load Node,38.06,-121.87
REDBLFF_6_N001,Load Node,40.1827,-122.24
REDBLFF_6_N005,Load Node,40.1827,-122.24
REDBLFF_6_N004,Load Node,40.1827,-122.24
CAPAY_6_N001,Load Node,39.7761,-122.1
DECPTSG_2_N001,Load Node,38.06,-121.87
LAKEVLLE_1_N001,Load Node,38.2515,-122.58
ALTMMDW_2_N001,Generation Node,37.7468,-121.68
NORD1_1_N003,Load Node,39.76,-121.91
NORD1_1_N001,Load Node,39.76,-121.91
KIRKER_1_N001,Load Node,38.0212,-121.91
KIRKER_1_N005,Load Node,38.0212,-121.91
KIRKER_1_N006,Load Node,38.0212,-121.91
KELSO_2_N012,Generation Node,37.7977,-121.6
KELSO_2_N001,Load Node,37.7977,-121.6
WYANDTTE_1_N001,Load Node,39.4916,-121.54
WYANDTTE_1_N102,Load Node,39.4916,-121.54
WYANDTTE_1_N003,Load Node,39.4916,-121.54
LAKEVILE_2_B1,Generation Node,38.25,-122.58
COLSTJT_1_B1,Generation Node,37.99,-121.86
CORTINA_1_N106,Load Node,39.1214,-122.22
JVENTER_2_N001,Generation Node,37.81,-121.77
ELLSGTY_1_N001,Load Node,33.6853,-117.94
VACAVIL_1_N101,Load Node,38.3565,-121.98
VACAVIL_1_N102,Load Node,38.3565,-121.98
PRKRMID_2_N001,Generation Node,37.5,-122.18
LOSCCHS_6_N001,Load Node,32.8598,-116.9
PUTHCRK_1_N001,Load Node,38.5231,-121.99
USWP-RLF_2_N001,Generation Node,38.19,-121.89
SYCAMORE_1_N201,Load Node,39.7699,-121.82
SYCAMORE_1_N301,Load Node,39.7699,-121.82
SYCAMORE_1_N101,Load Node,39.7699,-121.82
CRCKTCOG_7_N001,Generation Node,37.9,-122.58
WSTLYTID_2_N011,Generation Node,37.796,-121.19
WSTLYSMD_2_N011,Generation Node,37.743,-121.12
VACAVIL_1_N001,Load Node,38.3565,-121.98
PITSBURG_1_B1,Generation Node,38.01,-121.91
PITSBURG_1_N001,Load Node,38.0308,-121.87
AMERIGAS_1_N001,Load Node,38.43,-121.79
CARLOTTA_6_N003,Load Node,40.5411,-124.06
CARLOTTA_6_N001,Load Node,40.5411,-124.06
HMBLTBY_6_N022,Generation Node,40.7828,-124.11
HMBLTBY_6_N003,Load Node,40.7828,-124.11
OMAR_2_N001,Load Node,35.4698,-118.97
OMAR2G_7_B1,Generation Node,35.47,-118.97
OMAR3G_7_B1,Generation Node,35.46,-118.99
OMAR_2_N032,Generation Node,35.4698,-118.97
TESLA_5_B1,Generation Node,37.71,-121.62
TESLA_5_B2,Generation Node,37.71,-121.62
OMAR1G_7_B1,Generation Node,35.47,-118.99
PEABODY_2_N002,Load Node,38.2856,-121.97
PEABODY_2_N010,Generation Node,38.2856,-121.97
PEABODY_2_N006,Load Node,38.2856,-121.97
PEABODY_2_N001,Load Node,38.2856,-121.97
SYCCYN2G_7_B1,Generation Node,35.49,-118.98
SYCCYN4G_7_B1,Generation Node,35.48,-118.97
LMECST1_7_B1,Generation Node,38.03,-121.93
LMEC1_1_N101,Load Node,38.03,-121.91
LMEC1_1_N601,Load Node,38.03,-121.91
LMEC1_1_N801,Load Node,38.03,-121.91
LMECCT1_7_N001,Load Node,38.03,-121.92
LMECCT2_7_B1,Generation Node,38.04,-121.93
LMECST1_7_N001,Load Node,38.03,-121.93
LMEC1_1_N001,Load Node,38.03,-121.91
LMECCT2_7_N001,Load Node,38.04,-121.93
LMECCT1_7_B1,Generation Node,38.03,-121.92
TESLA_1_N027,Generation Node,37.7143,-121.56
TRCYPMP_2_N059,Generation Node,37.7484,-121.42
TRCYPMP_2_N063,Generation Node,37.79,-121.55
TRACYYG_6_N021,Generation Node,37.7484,-121.42
TESLA_1_B1,Generation Node,37.71,-121.57
LLNL_1_N014,Generation Node,37.6,-121.3
PARADISE_1_N001,Load Node,39.7615,-121.62
ESQUON_6_N001,Load Node,39.6079,-121.77
KANAKA_1_N001,Load Node,39.44,-121.39
KANAKA_1_N003,Generation Node,39.44,-121.39
VACA-DIX_1_N015,Load Node,38.38,-121.89
VACA-DIX_1_B1,Generation Node,38.38,-121.89
VACA-DIX_1_N014,Generation Node,38.38,-121.89
VACA-DIX_1_N001,Load Node,38.4016,-121.92
DGVADIX_7_B1,Generation Node,38.4016,-121.92
WESTLNDS_1_N019,Load Node,36.4,-120.32
WESTLNDS_1_N001,Load Node,36.4,-120.32
OMAR4G_7_B1,Generation Node,35.46,-118.96
JOLON_6_N001,Load Node,36.0133,-121.17
KANAKAJT_1_B1,Generation Node,39.49,-121.4
FAYETTE_1_B1,Generation Node,38.06,-121.82
FRBSTNTP_1_B1,Generation Node,39.52,-121.27
USWP-PAT_1_B1,Generation Node,37.88,-121.67
WARNE_2_B1,Generation Node,34.69,-118.8
WOODLEAF_7_B1,Generation Node,39.6,-121.18
PALERMO_1_B1,Generation Node,39.45,-121.51
FULTON_1_B1,Generation Node,38.5,-122.87
FULTON_1_N020,Generation Node,38.4966,-122.76
WILLITS_6_N001,Load Node,39.4057,-123.33
ANTLER_6_N001,Load Node,40.8936,-122.38
WILDWOOD_1_N001,Load Node,40.3871,-123.05
CHICOA_6_N001,Load Node,39.7188,-121.82
CHICOA_6_N010,Load Node,39.7188,-121.82
TRESVIS_6_N001,Load Node,39.4867,-121.69
SANLUIS6_7_B1,Generation Node,36.8615,-120.78
SANLUIS2_7_B3,Generation Node,36.8615,-120.78
SANLUIS4_7_B3,Generation Node,36.8615,-120.78
SANLUIS8_7_B3,Generation Node,36.8615,-120.78
SANLUIS2_7_B1,Generation Node,36.8615,-120.78
SANLUIS6_7_B3,Generation Node,36.8615,-120.78
SANLUIS4_7_B1,Generation Node,36.8615,-120.78
SANLUIS8_7_B1,Generation Node,36.8615,-120.78
FULTON_2_B1,Generation Node,38.49,-122.87
FULTON_2_N037,Generation Node,38.49,-122.87
FULTON_2_N010,Load Node,38.49,-122.87
FULTON_2_N049,Load Node,38.49,-122.87
TLRELKE_6_N001,Load Node,36.0037,-119.95
TJI-230_2_N101,Generation Node,32.54,-117.02
BUTTE_1_N010,Load Node,39.7118,-121.81
BUTTE_1_N101,Load Node,39.7118,-121.81
GORMAN_6_N001,Load Node,34.8014,-118.82
OLDRIVR_6_N001,Load Node,35.2084,-119.1
OLDRIVR_6_N006,Load Node,35.2084,-119.1
MOSSLAND_5_B1,Generation Node,36.82,-121.71
MOSSLND7_7_B2,Generation Node,36.8,-121.7
MOSSLND7_7_ND001,Load Node,36.8,-121.7
THEDV_1_B1,Generation Node,37.69,-121.38
SYCCYN1G_7_B1,Generation Node,35.49,-118.98
SYCCYN3G_7_B1,Generation Node,35.48,-118.99
MOSSLND6_7_B2,Generation Node,36.81,-121.68
MOSSLND6_7_ND001,Load Node,36.81,-121.68
DECSTG1_7_B1,Generation Node,38.07,-121.86
PALMR_1_N001,Load Node,34.8252,-120.3
CSTRVLLE_1_N003,Generation Node,36.7627,-121.74
CSTRVLLE_1_N004,Generation Node,36.7627,-121.74
CSTRVLLE_1_N001,Load Node,36.7627,-121.74
TRACY_5_N047,Generation Node,37.7484,-121.42
CAYUCOS_6_N001,Load Node,35.4487,-120.87
CAYUCOS_6_N006,Load Node,35.4487,-120.87
DECCTG2_7_B1,Generation Node,38.07,-121.86
DECCTG3_7_B1,Generation Node,38.07,-121.87
DECCTG1_7_B1,Generation Node,38.07,-121.87
DIVVIDE_1_N001,Load Node,34.8285,-120.45
DIVVIDE_1_N012,Load Node,34.8285,-120.45
DOLANRD_1_N001,Load Node,36.8003,-121.77
FAIRWAY_1_N002,Load Node,34.9106,-120.45
FAIRWAY_1_N001,Load Node,34.9106,-120.45
MCFRLND_6_N001,Load Node,35.6884,-119.28
FAIRHAVN_7_B1,Generation Node,40.8003,-124.2
GIRVAN_6_N001,Load Node,40.5135,-122.38
OCEANO_1_N001,Load Node,35.1018,-120.58
OCEANO_1_N004,Load Node,35.1018,-120.58
ANDERSON_6_N001,Load Node,40.4498,-122.31
MOSSLD_1_N055,Generation Node,36.82,-121.74
MOSSLD_1_N001,Load Node,36.82,-121.74
LOGANCR_2_N012,Generation Node,39.48,-122.26
LOGANCR_2_N001,Load Node,39.5396,-122.26
LOGANCR_2_N010,Load Node,39.5396,-122.26
CALLENDR_1_N001,Load Node,35.04,-120.6
LOSBANOS_5_B1,Generation Node,37.06,-121.02
FRNCHGLH_6_N001,Load Node,40.6869,-122.64
SJCOGEN_7_B2,Generation Node,36.621,-120.18
SJCOGEN_7_N001,Load Node,37.82,-121.32
SPCJCT_1_B1,Generation Node,37.76,-121.31
PASTORIA_2_B1,Generation Node,34.94,-118.83
EDMON5AP_7_N001,Load Node,34.9863,-118.74
EDMON1AP_7_N001,Load Node,34.9863,-118.74
EDMON4AP_7_N001,Load Node,34.9863,-118.74
EDMON2AP_7_N001,Load Node,34.9863,-118.74
EDMONSTN_2_N023,Generation Node,34.9863,-118.74
EDMON4AP_7_N002,Load Node,34.9863,-118.74
EDMON7AP_7_N001,Load Node,34.9863,-118.74
EDMON6AP_7_N001,Load Node,34.9863,-118.74
EDMON8AP_7_N002,Load Node,34.9863,-118.74
EDMON3AP_7_N002,Load Node,34.9863,-118.74
EDMON5AP_7_N002,Load Node,34.9863,-118.74
EDMON7AP_7_N002,Load Node,34.9863,-118.74
EDMON8AP_7_N001,Load Node,34.9863,-118.74
EDMON3AP_7_N001,Load Node,34.9863,-118.74
EDMON6AP_7_N002,Load Node,34.9863,-118.74
LOSOSTS_6_N001,Load Node,36.2939,-121.2
GEYSER17_7_B1,Generation Node,38.76,-123.18
FAMOSO_6_N008,Generation Node,35.605,-119.2
BAYWOOD_6_N001,Load Node,35.3602,-120.81
MOSSLD_2_B1,Generation Node,36.8,-121.74
CHICOB_1_N002,Load Node,39.7255,-121.85
CHICOB_1_N001,Load Node,39.7255,-121.85
GAREY_1_N002,Load Node,34.98,-120.26
OAKDLTID_1_N001,Generation Node,37.54,-121.87
SISQUOC_1_N020,Load Node,34.8783,-120.33
SISQUOC_1_N001,Load Node,34.8783,-120.33
NCPA1GY1_7_B2,Generation Node,38.33,-122.63
NCPA1GY2_7_B2,Generation Node,38.34,-122.64
NCPA1GY1_7_N001,Load Node,38.33,-122.63
NCPA1GY2_7_N001,Load Node,38.34,-122.64
KINGCTY_6_N002,Load Node,36.2169,-121.13
KINGCTY_6_N001,Load Node,36.2169,-121.13
KINGCTY_6_N005,Load Node,36.2169,-121.13
SNTAMRA_1_N001,Load Node,33.1288,-117.2
SNTAMRA_1_N005,Load Node,33.1288,-117.2
NCPA2GY2_7_N001,Load Node,38.33,-122.68
NCPA2GY2_7_B2,Generation Node,38.33,-122.68
NCPA2GY1_7_B2,Generation Node,38.35,-122.65
NCPA2GY1_7_N001,Load Node,38.35,-122.65
BEARCNYN_2_B1,Generation Node,38.76,-122.65
TABLEMT_5_B1,Generation Node,39.56,-121.61
DUKMOSS3_7_B2,Generation Node,36.85,-121.76
DUKMOSS3_7_N001,Load Node,36.85,-121.76
DUKMOSS3_7_N002,Load Node,36.85,-121.76
DUKMOSS2_7_B1,Generation Node,36.85,-121.76
DUKMOSS1_7_B1,Generation Node,36.86,-121.76
DUKMOSS1_7_N001,Load Node,36.86,-121.76
DUKMOSS2_7_N001,Load Node,36.85,-121.76
GEYSER18_7_B1,Generation Node,38.74,-123.15
KESWICK_6_N001,Load Node,40.6237,-122.46
DUKMOSS4_7_N001,Load Node,36.85,-121.72
DUKMOSS5_7_B1,Generation Node,36.84,-121.72
DUKMOSS5_7_N001,Load Node,36.84,-121.72
DUKMOSS6_7_B2,Generation Node,36.85,-121.72
DUKMOSS6_7_N001,Load Node,36.85,-121.72
DUKMOSS6_7_N002,Load Node,36.85,-121.72
DUKMOSS4_7_B1,Generation Node,36.85,-121.72
GEYSER16_7_B1,Generation Node,38.77,-123.19
RINCON_1_N001,Load Node,33.2859,-116.96
RINCON_1_N003,Load Node,33.2859,-116.96
TBLEMTN_1_B1,Generation Node,39.55,-121.67
TABLMTN_2_B1,Generation Node,39.55,-121.64
SANTAFE_7_B1,Generation Node,38.78,-122.67
SANTAFE_7_B11,Generation Node,38.78,-122.67
GEYSER20_7_B1,Generation Node,38.78,-123.06
CHESTER_6_N001,Load Node,40.3044,-121.22
HPLNDJT_6_N001,Load Node,38.9729,-123.08
HYATT_2_N212,Load Node,39.54,-121.47
GEYSER12_7_B1,Generation Node,38.77,-123.1
GATES1_5_B1,Generation Node,36.14,-120.12
COTWDWAP_2_N030,Generation Node,40.6,-122.4
COTWDWAP_2_N032,Generation Node,40.4,-122.29
COTWDWAP_2_N029,Generation Node,40.5,-122.33
HYATT4_7_B1,Generation Node,39.51,-121.51
HYATT2_7_B1,Generation Node,39.55,-121.47
HYATT6_7_B1,Generation Node,39.53,-121.49
HYATT5_7_B1,Generation Node,39.54,-121.49
HYATT3_7_B1,Generation Node,39.51,-121.49
HYATT1_7_B1,Generation Node,39.54,-121.46
COTWDWAP_2_N031,Generation Node,40.7,-122.45
COTWDPGE_1_N001,Load Node,34.3804,-116.88
COTWDPGE_1_N024,Generation Node,34.3804,-116.88
GEYSER14_7_N001,Generation Node,38.8,-123.12
STMARIA_7_N101,Generation Node,34.9506,-120.44
LUCERNE_1_N004,Load Node,39.11,-122.81
LUCERNE_1_N001,Load Node,39.1102,-122.81
GEYSER13_7_N001,Generation Node,38.74,-123.16
VINCENT_5_B1,Generation Node,34.5,-118.13
STLLWATR_6_N001,Load Node,40.6778,-122.35
VINCENT_5_B2,Generation Node,34.5,-118.13
GATES2_5_B1,Generation Node,36.15,-120.14
CLARKRD_7_N002,Generation Node,39.6546,-121.64
CLARKRD_7_N003,Generation Node,39.6546,-121.64
CLARKRD_7_N001,Load Node,39.6546,-121.64
OREGNTRL_6_N001,Load Node,40.619,-122.32
SILVERDO_1_N002,Load Node,38.4995,-122.46
SILVERDO_1_N001,Load Node,38.4995,-122.46
SMUDGEO1_7_B1,Generation Node,38.76,-122.59
PANRAMA_1_N001,Load Node,40.4344,-122.27
WHEELBR1_7_B1,Generation Node,40.43,-122.27
SANMIGL_6_N001,Load Node,35.7519,-120.68
COBURN_2_B1,Generation Node,36.26,-121.15
MESA-PGE_1_N036,Generation Node,35.0085,-120.45
MCARTHR_6_N001,Load Node,41.0527,-121.41
MCARTHR_6_N002,Generation Node,41.0527,-121.41
SOUTHBAS_1_N001,Load Node,34.8815,-117.89
MONTCLLO_1_N008,Load Node,38.48,-122.32
RIODELL_6_N001,Load Node,40.4954,-124.1
ROUNDMT_2_B1,Generation Node,40.79,-121.94
JESSUP_1_N001,Load Node,40.4621,-122.33
PIT7U2_7_B1,Generation Node,38.0308,-121.87
PIT7U1_7_B1,Generation Node,38.0308,-121.87
MONOLITH_6_B1,Generation Node,34.93,-118.42
MONOLITH_6_N029,Load Node,34.93,-118.42
MONOLITH_6_N101,Load Node,34.93,-118.42
SEGS1G_7_B1,Generation Node,34.8595,-116.87
JBBLACK2_7_B1,Generation Node,40.99,-121.99
MIDWAY_5_B2,Generation Node,35.4,-119.48
MIDWAY_5_B1,Generation Node,35.4,-119.48
GALE_1_N001,Load Node,34.8595,-116.87
ALTA1G_7_B1,Generation Node,34.8602,-116.85
MALIN_5_N101,Generation Node,42.01,-121.32
ALTA2G_7_B1,Generation Node,34.8602,-116.85
COLWATER_1_N001,Load Node,34.8602,-116.85
COLWATER_1_N002,Load Node,34.8602,-116.85
TAP705_1_B1,Generation Node,34.87,-116.85
EDWARDS_1_N001,Load Node,34.9919,-117.89
JBBLACK1_7_B1,Generation Node,40.98,-121.97
SEGS2G_7_B1,Generation Node,34.8583,-116.84
PIT6U1_7_B1,Generation Node,38.0308,-121.87
PANAMA_6_N001,Load Node,35.2955,-119.02
COVERD_7_B1,Generation Node,39.7863,-123.25
CARNATIO_6_N001,Load Node,35.3113,-119.08
ROA-230_2_N101,Generation Node,32.652,-115.68
TORTILLA_1_N007,Load Node,34.8745,-117.06
TORTILLA_1_N001,Load Node,34.8745,-117.06
PSARBLS_6_N001,Load Node,35.6156,-120.68
PSARBLS_6_N007,Load Node,35.6156,-120.68
PSARBLS_6_N005,Load Node,35.6156,-120.68
CARNERAS_6_N001,Load Node,35.5411,-119.81
TAP78_6_B1,Generation Node,35.09,-118.46
IMPRLVLY_5_B2,Generation Node,32.72,-115.71
IMPRLVLY_5_B1,Generation Node,32.72,-115.71
CALCMENT_6_N151,Load Node,34.77,-118.21
CALCMENT_6_N101,Load Node,34.77,-118.21
PIT5_7_N001,Generation Node,38.0308,-121.87
PIT5_7_B1,Load Node,38.0308,-121.87
ROSE_6_N001,Load Node,32.8445,-117.24
IMPRLVLY_2_B1,Generation Node,32.71,-115.71
IMPRLVLY_230_N004,Generation Node,32.71,-115.71
IMPRLVLY_2_B2,Generation Node,32.71,-115.71
ATASCDRO_6_N001,Load Node,35.4653,-120.67
PIT1_2_B1,Generation Node,40.96,-121.55
GOLDTREE_1_N001,Load Node,35.3201,-120.69
GOLDTREE_1_N002,Load Node,35.3201,-120.69
PIT3_2_B1,Generation Node,41,-121.75
PIT1_6_N001,Load Node,38.0308,-121.87
PIT1U1_7_B2,Generation Node,38.0308,-121.87
PIT1U1_7_B1,Generation Node,38.0308,-121.87
TAP79_6_B1,Generation Node,35.08,-118.47
ENCANWND_6_N001,Generation Node,35.07,-118.47
FOOTHILL_1_N001,Load Node,35.27,-120.7
PIT6U2_7_B1,Generation Node,38.0308,-121.87
TAP76_6_B1,Generation Node,34.93,-118.43
PIT3_7_N001,Load Node,38.0308,-121.87
BOGARD_6_N001,Load Node,40.5866,-121.09
CAWELOB_6_N001,Load Node,35.571,-119.12
ANTELOPE_6_N001,Load Node,35.6581,-120
GRIZZLY1_1_B1,Generation Node,40.16,-121.3
DIABLO_5_B1,Generation Node,35.21,-120.85
BAFOOD1_6_N001,Load Node,36.33,-121.16
ELCENTRO_2_N001,Generation Node,32.8,-115.54
BRRNDAC_6_N001,Load Node,35.6582,-120.04
CARIBOU_2_B1,Generation Node,40.08,-121.16
BLACKWLL_6_N001,Load Node,35.6142,-119.85
TAP77_6_B1,Generation Node,34.95,-118.42
KCTYPKER_7_B1,Generation Node,36.2169,-121.13
DUNNSIDE_1_N001,Load Node,35.0332,-116.47
TWISSLMN_6_N001,Load Node,35.7306,-119.86
TWISSLMN_6_N002,Load Node,35.7306,-119.86
LAMONT_1_N002,Load Node,35.2967,-118.86
TEJON_6_N001,Load Node,35.0195,-118.95
TAP74_6_B1,Generation Node,34.88,-118.25
MNDCTP_6_N001,Load Node,39.2512,-123.2
MORWIND_6_N001,Generation Node,34.87,-118.24
GRIMWAY_1_N001,Load Node,35.27,-118.87
DIABLO2_7_N001,Load Node,35.21,-120.85
DIABLO2_7_B1,Generation Node,35.21,-120.85
DIABLO1_7_B1,Generation Node,35.21,-120.84
DIABLO1_7_N001,Load Node,35.21,-120.84
DIABLOCN_2_N001,Load Node,35.22,-120.83
TECUYA_6_N001,Load Node,35.0186,-118.98
NGILA_5_N012,Generation Node,32.75,-114.49
BRRNDAA_6_N001,Load Node,35.7095,-120.01
LAMONT_1_N001,Load Node,35.2967,-118.86
CRBU38812_7_B3,Generation Node,40.07,-121.15
CRBU38812_7_B1,Generation Node,40.07,-121.15
UPPRLKE_6_N001,Load Node,39.1459,-122.92
ARVINED_1_N001,Load Node,35.1504,-118.88
GONDER_2_N501,Generation Node,34.012,-118.48
MONA_3_N501,Generation Node,34.2,-118.52
INTERM1G_7_N501,Generation Node,34.5,-117.2
HARTLEY_6_N001,Load Node,39.0773,-122.93
VICTORVL_5_N101,Generation Node,34.5,-117.39
PADUA_6_N008,Generation Node,34.1202,-117.64
PADUA_6_N001,Load Node,34.1202,-117.64
PADUA_6_N004,Generation Node,34.1202,-117.64
PADUA_6_N006,Generation Node,34.1202,-117.64
PADUA_6_N007,Generation Node,34.1202,-117.64
MAGUNDEN_1_N002,Load Node,35.3622,-118.92
MAGUNDEN_1_N001,Load Node,35.3622,-118.92
MORROBY_1_N001,Load Node,35.37,-120.81
CARIBOU_1_B1,Generation Node,40.08,-121.15
VICTOR_1_N001,Load Node,38.1456,-121.18
VICTOR_1_N064,Generation Node,38.1456,-121.18
VICTOR_1_N063,Generation Node,38.1456,-121.18
ROADWAY_1_N001,Load Node,34.5904,-117.43
OREGNTRL_1_N001,Load Node,40.619,-122.32
RERCU1_7_B1,Generation Node,34.022,-117.33
RIVRSIDE_6_N001,Load Node,34.022,-117.33
RERCU2_7_B1,Generation Node,34.022,-117.33
MIRALOMA_6_N007,Generation Node,34.0043,-117.57
MRLPKGEN_7_B1,Generation Node,34.0043,-117.57
MIRALOMA_6_N002,Generation Node,34.0043,-117.57
MIRALOMA_6_N001,Load Node,34.0043,-117.57
MCSNCK2_7_B1,Generation Node,37.58,-121.82
MCSNCK1_7_B1,Generation Node,37.56,-121.8
VICTOR_2_B1,Generation Node,34.5,-117.37
ETIWANDA_6_N007,Generation Node,34.0883,-117.53
ETIWANDA_6_N001,Load Node,34.0883,-117.53
ETIWANDA_6_N006,Generation Node,34.0883,-117.53
ETWPKGEN_7_B1,Generation Node,34.0881,-117.53
ETIWANDA_6_N004,Generation Node,34.0883,-117.53
ETIWANDA_6_N008,Generation Node,34.0883,-117.53
ETIWANDA_6_N003,Load Node,34.0881,-117.53
MORRO4_7_B1,Generation Node,35.37,-120.85
MORROBAY_2_N001,Load Node,35.37,-120.85
MORRO3_7_B1,Generation Node,35.39,-120.85
MORROBAY_2_B1,Generation Node,35.37,-120.85
MORROBAY_2_N015,Load Node,35.37,-120.85
LAKEVIEW_6_N101,Load Node,35.0937,-119.1
CLERLKE_6_N012,Load Node,39.008,-122.89
CLERLKE_6_N001,Load Node,39.008,-122.89
EISEN_6_N001,Load Node,35.3571,-118.97
MTNVIST3_7_N002,Load Node,34.07,-117.53
MTNVIST3_7_B1,Generation Node,34.0881,-117.53
MTNVIST4_7_B1,Generation Node,34.0881,-117.53
MTNVIST4_7_N002,Load Node,34.08,-117.53
ETIWANDA_2_N006,Load Node,34.0881,-117.53
TEMPLETN_2_N008,Load Node,35.5545,-120.68
VSTA_6_N008,Generation Node,34.0414,-117.32
VSTA_6_N001,Load Node,34.0414,-117.32
BUTTVLLY_7_B1,Generation Node,40.13,-121.17
COPUS_6_N001,Load Node,35.0936,-119.28
DEVLSDN_6_N001,Load Node,35.7749,-119.97
VSTA_1_N005,Load Node,34.0413,-117.32
VSTA_1_N004,Load Node,34.0414,-117.32
VSTA_1_B1,Generation Node,34.04,-117.34
VSTA_1_N001,Load Node,34.0413,-117.32
VSTA_2_B1,Generation Node,34.04,-117.32
TEVIS_1_N003,Load Node,35.3192,-119.13
NGILA_5_N010,Generation Node,32.75,-114.49
NGILA_5_N008,Generation Node,32.75,-114.49
NGILA2_5_N001,Generation Node,33.5,-113.6
NGILA1_5_N001,Generation Node,3.30E-14,-113.5
BIGMDWS_6_N001,Load Node,40.1712,-121.09
CHINO_6_N007,Load Node,33.9984,-117.68
CHINO_6_N009,Generation Node,33.9984,-117.68
CHINO_6_N003,Generation Node,33.9984,-117.68
CHINO_6_N008,Load Node,33.9984,-117.68
LSTHLLS_6_N001,Load Node,35.7858,-119.87
DEVLDNPP_6_N003,Load Node,35.7749,-119.97
CIMGEN_7_B1,Generation Node,33.9984,-117.68
DVLCYN2G_7_B1,Generation Node,34.26,-117.31
DVLCYN1G_7_B1,Generation Node,34.25,-117.29
SIMPSON_7_B1,Generation Node,33.9984,-117.68
CRAGVIEW_1_N101,Generation Node,41.2,-122.26
BAKER_1_N001,Load Node,35.2848,-116.06
TAP801_1_N001,Load Node,34.1096,-116.41
VEDDER_1_N001,Load Node,35.61,-118.96
SEMITRPC_1_N001,Load Node,35.6004,-119.44
BOLTHSE_1_N009,Load Node,35.3622,-118.92
HIDESERT_2_N018,Load Node,34.1453,-116.19
HIDESERT_2_N001,Load Node,34.1453,-116.19
MHVSPHN_1_N101,Generation Node,34.31,-117.32
POSOMT_1_N001,Load Node,35.5592,-118.96
TEVIS_1_N001,Load Node,35.3192,-119.13
DVLCYN4G_7_B1,Generation Node,34.19,-117.32
DVLCYN3G_7_B1,Generation Node,34.19,-117.33
STOCKDLE_1_N001,Load Node,35.3165,-119.07
NORCO_1_N001,Load Node,35.2853,-119.31
SHAFTER_1_N001,Load Node,35.5137,-119.32
RIOBRVO_1_N006,Load Node,35.4424,-119.26
RIOBRVO_1_N001,Load Node,35.4424,-119.26
WHEELER_6_N001,Load Node,35.0898,-118.98
WESTPARK_1_N005,Load Node,35.3741,-119.04
WESTPARK_1_N009,Load Node,35.3741,-119.04
WESTPARK_1_N001,Load Node,35.3741,-119.04
COLUMBUS_1_N005,Load Node,35.3984,-118.94
COLUMBUS_1_N001,Load Node,35.3984,-118.94
COLUMBUS_1_N003,Load Node,35.3984,-118.94
WASCO_6_N001,Load Node,35.6021,-119.33
BEARTAP_1_N001,Load Node,35.38,-119
FRUITVLE_6_N001,Load Node,35.3768,-119.09
FRUITVLE_6_N101,Load Node,35.3768,-119.09
ELKHLLS_6_N001,Load Node,35.226,-119.38
PSE-BEAR_7_B1,Generation Node,35.37,-119
RIOBRVQF_6_N001,Generation Node,35.4424,-119.26
HURON_6_N001,Load Node,36.1858,-120.1
TXROSDL_1_N001,Load Node,35.377,-119.08
TXROSDL_1_N002,Load Node,35.377,-119.08
ROSEDAL_1_N001,Load Node,35.377,-119.08
KERNWATR_1_N001,Load Node,35.4007,-119.04
MOHAVE_5_B2,Generation Node,35.14,-114.57
MOH-LGHN_5_N001,Generation Node,35,-114.59
MOHAVE_5_B1,Generation Node,35.14,-114.57
RENFRO_1_N010,Load Node,35.41,-119.17
BKRSFLD_2_N001,Load Node,35.3883,-119
BKRSFLD_2_N004,Generation Node,35.3883,-119
CIMA_2_N101,Load Node,35.2691,-115.49
KERNPWR_1_N201,Load Node,35.3797,-119.1
KERNPWR_1_B1,Generation Node,35.38,-119.09
KERNPWR_1_N002,Load Node,35.3797,-119.1
STOCKDL_2_N002,Load Node,35.3165,-119.07
STOCKDL_2_N101,Load Node,35.3165,-119.07
CALPELLA_1_N001,Load Node,39.1975,-123.19
RENFRO_1_N001,Load Node,35.41,-119.17
KERNOIL_1_N002,Generation Node,35.4407,-119.02
KERNOIL_1_B1,Generation Node,35.44,-119.01
KERNOIL_1_N012,Load Node,35.4407,-119.02
KERNOIL_1_N001,Load Node,35.4407,-119.02
TUPMAN_1_N101,Load Node,35.354,-119.27
COLNGA1_6_N001,Load Node,36.136,-120.34
COLNGA1_6_N002,Load Node,36.136,-120.34
OILDALE_1_N101,Generation Node,35.42,-118.98
OILDALE_1_N001,Load Node,35.42,-118.98
CHARKA_1_N001,Load Node,35.608,-119.33
DEXZEL_1_N001,Generation Node,35.46,-118.97
STOCKDL_2_N001,Load Node,35.3165,-119.07
CARRIZO_1_N001,Load Node,35.3805,-120.04
WINDGAP_2_N003,Generation Node,35.01,-118.99
MCCULLGX_5_N501,Generation Node,35.6,-115.1
MARKETPL_5_N501,Generation Node,35.82,-115.01
WHELRGPP_2_N004,Generation Node,35.06,-119.02
KERNRV_1_N001,Load Node,35.3797,-119.1
MCCULLGH_5_N101,Generation Node,35.55,-1.20E-13
GANSNER_6_N101,Load Node,39.9392,-120.95
BKRSFLD_2_N101,Load Node,35.3883,-119
MEAD_5_N501,Generation Node,36.1,-114.9
HOLGATE_1_N004,Generation Node,35.0216,-117.71
HOLGATE_1_N001,Generation Node,35.0216,-117.71
SNBRNRD_6_N001,Load Node,35.0924,-118.88
COLNGA2_6_N001,Load Node,36.2366,-120.32
ELDORDO_5_B1,Generation Node,35.78,-114.96
GOSELKE_1_N001,Load Node,35.6016,-119.58
GOSELKE_1_N003,Load Node,35.6016,-119.58
DERRICK_6_N002,Generation Node,36.2231,-120.34
DERRICK_6_N003,Generation Node,36.2231,-120.34
PSE-LVOK_7_B1,Generation Node,39.2771,-121.66
WESTPLAT_1_N001,Load Node,35.42,-119.3
THORNHIL_1_N001,Load Node,33.8337,-116.52
MEADN_2_N501,Generation Node,3.60E-14,-114.8
SPANSHCK_6_N001,Load Node,40.0261,-120.96
EISENHOW_1_N001,Load Node,33.8306,-116.5
WSCOPRSN_1_N001,Load Node,35.61,-119.37
MERCHANT_2_N101,Generation Node,35.99,-115.07
BUENAVS1_7_B4,Load Node,36.6533,-121.63
BUENAVS1_7_B5,Load Node,36.6533,-121.63
BUENAVS2_7_B1,Load Node,36.6533,-121.63
BUENAVS1_7_B7,Load Node,36.6533,-121.63
BUENAVS2_7_B4,Load Node,36.6533,-121.63
BUENAVS2_7_B5,Load Node,36.6533,-121.63
BUENAVS1_7_B1,Load Node,36.6533,-121.63
BUENAVS1_7_B3,Load Node,36.6533,-121.63
BUENAVS2_7_B3,Load Node,36.6533,-121.63
BUENAVS1_7_B6,Load Node,36.6533,-121.63
BUENAVT_2_N006,Generation Node,35.16,-119.37
ROCKET_1_N001,Load Node,34.9339,-117.69
RIOBRVTM_1_B1,Generation Node,35.46,-119.25
RIOBRVTM_1_N001,Load Node,35.46,-119.25
GRYSFLT_6_N001,Load Node,40.0216,-121.07
MARICOPA_6_N001,Load Node,35.1075,-119.4
KERNFRNT_1_B1,Generation Node,35.39,-119.13
MEADS_2_N101,Generation Node,36.15,-114.95
SMTRPCWS_1_N001,Load Node,35.59,-119.44
SANDY_1_N001,Load Node,35.7994,-115.63
SANDY_1_N002,Load Node,35.7994,-115.63
MOENKOPI_5_N101,Generation Node,36.135,-114.54
BANNING_1_N001,Load Node,33.9223,-116.87
BEATTY_1_N003,Load Node,36.9063,-116.76
BEATTY_1_N001,Load Node,36.9063,-116.76
PAHRUMP_1_N017,Load Node,36.2066,-116
PAHRUMP_1_N018,Load Node,36.2066,-116
LERDO_1_N001,Load Node,35.5001,-119.15
LERDO_1_N004,Load Node,35.5001,-119.15
MDWYPS_6_N001,Load Node,35.4028,-119.46
VALLEYVE_1_N001,Load Node,36.5678,-116.54
VISTA_1_N001,Load Node,36.2863,-115.93
VALLEYVE_1_N002,Load Node,36.5678,-116.54
MIDWAY_2_B1,Generation Node,35.41,-119.46
KETTLEMN_6_N001,Load Node,36.0441,-120.11
KRAMER_1_B1,Generation Node,34.99,-117.55
KRAMER_1_N001,Load Node,34.9901,-117.54
THSNDAIR_1_N001,Load Node,36.1068,-115.97
FOURCORN_5_N501,Generation Node,36.9,-109.5
GANSO_1_N001,Load Node,35.5017,-119.45
YAVAPAI_5_N501,Generation Node,35.5,-1.10E-13
ALTA40ST_7_B1,Generation Node,34.87,-116.86
ALTA30ST_7_B1,Generation Node,34.87,-116.84
ALTA31GT_7_B1,Generation Node,34.87,-116.88
ALTA41GT_7_B1,Generation Node,34.87,-116.85
CHARLSTN_1_N001,Load Node,36.231,-116.15
KRAMER_2_B1,Generation Node,34.98,-117.53
AVENAL_6_N001,Load Node,37.8422,-121.05
FOURCORN_3_N501,Generation Node,36.8,-109.4
NAVY35R_1_N001,Load Node,35.29,-119.45
FARREL_1_N002,Load Node,33.8565,-116.5
FARREL_1_N001,Load Node,33.8565,-116.5
BELRIDGE_1_N001,Load Node,35.4557,-119.63
MIDWAY_1_N002,Load Node,35.4028,-119.46
MIDWAY_1_N047,Generation Node,35.4028,-119.46
MIDWAY_1_B1,Generation Node,35.43,-119.46
WESTWING_5_N501,Generation Node,33.706,-117.79
LUZ8G_7_B1,Generation Node,35.34,-117.13
LUZ9G_7_B1,Generation Node,35.35,-117.09
ELKHIL1G_7_B2,Generation Node,35.45,-119.48
ELKHIL2G_7_N001,Load Node,35.226,-119.38
ELKHIL2G_7_B2,Generation Node,35.45,-119.48
ELKHIL1G_7_N001,Load Node,35.226,-119.38
ELKHIL3G_7_B1,Generation Node,35.45,-119.48
HASSYAMP_5_N101,Generation Node,33.329,-1.10E-13
COLNGAGN_7_B1,Generation Node,36.136,-120.34
PALOVRDE_5_N101,Generation Node,32.5,-114.01
PARKER_2_N101,Generation Node,34.15,-114.29
GENE_2_N001,Load Node,34.3,-114.23
CAMINO_2_N001,Load Node,34.83,-114.99
MTNPASS_1_N001,Load Node,35.5082,-115.53
INDIANW_1_N001,Load Node,33.7582,-116.36
INDIANW_1_N005,Load Node,33.7582,-116.36
ARVIN_6_N001,Load Node,35.1504,-118.88
CONCHO_1_N002,Load Node,33.7858,-116.34
FAMOSO_1_N001,Load Node,35.605,-119.2
GARNET_7_N003,Generation Node,33.9007,-116.54
GARNET_7_N001,Load Node,33.9007,-116.54
GARNET_7_N006,Generation Node,33.9007,-116.54
GARNET_1_N106,Generation Node,33.9,-116.54
GARNET_1_B1,Generation Node,33.9,-116.54
SANTARO_1_N001,Load Node,33.7845,-116.41
SANTARO_1_N024,Generation Node,33.7845,-116.41
SANTARO_1_N021,Load Node,33.7845,-116.41
SANTARO_1_N014,Load Node,33.7845,-116.41
SANTARO_1_N017,Load Node,33.7845,-116.41
TAP807_1_N001,Load Node,34,-116.5
TERAWND_1_N001,Generation Node,34.03,-116.53
TAP804_1_B1,Generation Node,33.92,-116.62
TAP817_1_B1,Generation Node,33.95,-116.49
DEVERS_1_B1,Generation Node,33.94,-116.56
TAP809_1_B1,Generation Node,33.92,-116.57
VENWIND_1_N101,Generation Node,33.96,-116.63
DEVERS_2_B2,Generation Node,33.94,-116.59
INDIGOG2_7_B1,Generation Node,33.9244,-116.57
INDIGOG3_7_B1,Generation Node,33.9244,-116.57
BUCKWND_1_N101,Generation Node,33.9142,-116.58
BUCKWND_1_B1,Generation Node,33.91,-116.57
BUCKWND_1_N001,Generation Node,33.91,-116.57
PANAERO_1_N001,Generation Node,33.97,-116.67
SANARDO_6_N001,Load Node,36.0738,-120.94
RENWIND_1_N001,Generation Node,33.91,-116.67
SEAWIND_1_B1,Generation Node,33.94,-116.73
ALTWIND_1_N001,Generation Node,33.9,-116.58
SANWIND_1_N001,Generation Node,33.91,-116.63
INDIGOG1_7_B1,Generation Node,33.9244,-116.57
TEMBLOR_1_N003,Load Node,35.3828,-119.7
TEMBLOR_1_N004,Generation Node,35.3828,-119.7
CYMRIC_1_N001,Load Node,35.31,-119.63
CYMRIC_1_B1,Generation Node,35.31,-119.63
CYMRIC_1_N004,Generation Node,35.31,-119.63
TRANWND_1_N001,Generation Node,33.9,-116.7
KERNRDGE_1_N003,Generation Node,35.48,-119.77
KERNRDGE_1_N001,Load Node,35.48,-119.77
SUNST_2_N006,Generation Node,35.37,-119.5
BLYTHE_1_N101,Generation Node,33.615,-114.68
LAPLMG4_7_B2,Generation Node,35.35,-119.46
LAPLMG2_7_N001,Load Node,35.36,-119.46
LAPLMG2_7_B2,Generation Node,35.36,-119.46
LAPLMG1_7_B2,Generation Node,35.36,-119.46
LAPLMG1_7_N001,Load Node,35.36,-119.46
LAPLMG3_7_B2,Generation Node,35.36,-119.46
LAPLMG4_7_N001,Load Node,35.35,-119.46
LAPLMG3_7_N001,Load Node,35.36,-119.46
TAMARISK_1_N001,Load Node,33.8173,-116.45
BLYTHESC_1_N005,Load Node,33.615,-114.68
DEVERS_5_B2,Generation Node,33.93,-116.54
DEVERS_5_B1,Generation Node,33.93,-116.54
MIDDLTWN_6_N002,Load Node,38.7528,-122.61
MIDDLTWN_6_N101,Load Node,38.7528,-122.61
SMYRNA2_1_N001,Load Node,35.718,-119.46
CAWELOC_1_N001,Load Node,35.571,-119.12
VALLEYSC_1_N001,Load Node,33.7383,-117.16
VALLEYSC_1_N014,Generation Node,33.7383,-117.16
VALLEYSC_1_N013,Generation Node,33.7383,-117.16
VALLEYSC_1_N107,Load Node,33.7383,-117.16
FELLOWSG_7_N001,Load Node,35.1952,-119.59
FELLOWSG_7_N002,Generation Node,35.1952,-119.59
TEXSUN2G_7_B2,Generation Node,35.36,-119.48
TEXSUN2G_7_N001,Load Node,35.36,-119.48
TEXSUN1G_7_B2,Generation Node,35.37,-119.48
TEXSUN1G_7_N001,Load Node,35.37,-119.48
VALLEYSC_5_B1,Generation Node,33.74,-117.16
TAP806_1_B1,Generation Node,33.87,-116.48
CAPWIND_1_B1,Generation Node,33.88,-116.46
SUNGEN_1_B1,Generation Node,34.9901,-117.54
COACHELV_2_N101,Generation Node,33.9336,-116.58
TAFT1_1_B1,Generation Node,35.15,-119.48
TAFT1_1_N004,Load Node,35.15,-119.48
TAFT1_1_N001,Load Node,35.15,-119.48
MORGAN_1_N001,Load Node,37.1274,-121.66
IRONMTN_2_N001,Load Node,34.16,-115.12
RAMON_2_N001,Generation Node,33.85,-116.27
MTPOSO_7_N001,Generation Node,35.56,-119.1
ESTQNCY_6_N001,Load Node,39.9381,-120.91
EAGLEMTN_2_N002,Load Node,33.82,-115.44
EAGLEMTN_2_N001,Load Node,33.82,-115.44
EAGLEMTN_2_B1,Generation Node,33.82,-115.44
QUEBEC_1_N001,Load Node,36.07,-119.56
ALPAUGH_1_N001,Load Node,35.9634,-119.46
JHINDS_2_B1,Generation Node,33.71,-115.62
RANDSBRG_1_N001,Load Node,35.3757,-117.66
KONOCTI6_6_N001,Load Node,38.9325,-122.74
OILFLDS_6_N007,Load Node,35.9564,-120.85
OILFLDS_6_N009,Generation Node,35.9564,-120.85
OILFLDS_6_N001,Load Node,35.9564,-120.85
REDBUD_1_N004,Load Node,39.0279,-122.66
REDBUD_1_N001,Load Node,39.0279,-122.66
INYOKERN_1_N008,Load Node,35.6526,-117.79
INYOKERN_1_N001,Load Node,35.6526,-117.79
INYOKERN_1_B1,Generation Node,35.65,-117.79
CITYUKH_1_N001,Generation Node,39.1429,-123.19
CITYUKH_1_B1,Load Node,39.1429,-123.19
UKIAH_1_N001,Load Node,39.1429,-123.19
UKIAH_1_N005,Load Node,39.1429,-123.19
ANAHEIMG_7_B1,Generation Node,33.81,-117.91
CLOVRDLE_1_N001,Load Node,38.7958,-123.01
EGLERCK_1_B1,Generation Node,38.88,-122.87
GEYSR11_1_B1,Generation Node,38.78,-123.1
SUMMIT3_6_N101,Generation Node,39.3192,-120.38
SUMMIT_6_N001,Load Node,39.3192,-120.38
TAMARACK_6_N001,Load Node,39.3137,-120.5
GEYSER11_7_B1,Generation Node,38.79,-123.1
SUMMIT1_1_N101,Generation Node,39.3192,-120.38
GEYSER78_7_B1,Generation Node,38.9,-122.87
GEYSER78_7_B3,Generation Node,38.9,-122.87
SUMMIT2_1_N101,Generation Node,39.3192,-120.38
GEYSR5-6_7_B2,Generation Node,38.79,-123.08
GEYSR5-6_7_N001,Load Node,38.8055,-122.82
GEYSR5-6_7_B3,Generation Node,38.79,-123.08
DRUM_1_B1,Generation Node,39.2,-120.81
VILLAPK_2_N029,Generation Node,33.8157,-117.83
VILLAPK_2_N028,Generation Node,33.8157,-117.83
BONNIEN_7_N001,Load Node,39.2143,-120.81
BONNIEN_7_N002,Generation Node,39.2143,-120.81
SHADYGLN_6_N001,Load Node,39.1151,-120.95
WEMRSWS_6_N001,Load Node,39.036,-120.99
FORSTHL_6_N001,Load Node,39.0193,-120.83
SEARLES_7_N001,Load Node,35.6971,-117.4
SEARLES_7_N002,Generation Node,35.6971,-117.4
SEARLES_7_N004,Generation Node,35.6971,-117.4
MCGEN_7_B1,Generation Node,35.7573,-117.39